Time Since Start, Startboard, Stardboard ADC, Port, Port ADC, Front, Back, RPM ,,,,,
6.613413095,22.1480169,91,-11.20330497,25,0,0,1620,,,,,
6.644063711,20.44432329,86,-11.20330497,25,0,0,1620,,,,,
6.676120281,21.80727818,90,-10.85320169,26,-1,0,1620,,,,,
6.708040714,19.76284585,84,-10.85320169,26,1,0,1560,,,,4.533953683,0.819929265
6.740129471,19.76284585,84,-11.20330497,25,0,-1,1620,,,,,
6.772142649,20.44432329,86,-11.90351154,23,0,0,1560,,,,,
6.804443836,24.19244923,97,-11.20330497,25,0,0,1620,,,,,
6.836105108,27.25909772,106,-11.20330497,25,-1,0,1620,,,,,
6.868255138,24.53318795,98,-11.90351154,23,-1,-1,1680,,,,,
6.900261879,23.51097179,95,-11.20330497,25,0,0,1620,,,,,
6.932285309,23.85171051,96,-11.20330497,25,0,0,1620,,,,,
6.964334726,20.44432329,86,-11.20330497,25,0,1,1620,,,,,
6.996268749,21.80727818,90,-10.85320169,26,-1,0,1620,,,,,
7.028107882,19.76284585,84,-11.20330497,25,0,0,1620,,,,,
7.060383558,20.44432329,86,-10.85320169,26,0,0,1620,,,,,
7.092455149,22.48875562,92,-10.50309841,27,0,0,1620,,,,,
7.124415874,22.1480169,91,-11.20330497,25,-1,0,1620,,,,,
7.156444311,21.46653946,89,-11.20330497,25,0,0,1560,,,,,
7.188502073,23.17023307,94,-10.85320169,26,-1,1,1680,,,,,
7.220520735,23.51097179,95,-11.20330497,25,-1,0,1620,,,,,
7.252465725,20.10358457,85,-11.20330497,25,0,0,1560,,,,,
7.284543753,20.44432329,86,-11.20330497,25,0,-1,1620,,,,,
7.316529989,19.08136841,82,-11.55340826,24,0,-1,1560,,,,,
7.348623753,21.12580074,88,-11.20330497,25,0,0,1620,,,,,
7.380556583,21.12580074,88,-10.85320169,26,-1,0,1620,,,,,
7.41376996,21.46653946,89,-11.20330497,25,-1,0,1680,,,,,
7.460688829,22.48875562,92,-10.85320169,26,0,1,1620,,,,,
7.492851019,23.17023307,94,-11.20330497,25,0,-1,1620,,,,,
7.524649858,21.80727818,90,-10.85320169,26,1,1,1560,,,,,
7.556759357,23.17023307,94,-11.55340826,24,-1,0,1620,,,,,
7.588752747,23.51097179,95,-11.20330497,25,0,1,1680,,,,,
7.620741129,20.10358457,85,-10.85320169,26,-1,0,1680,,,,,
7.65273428,18.39989096,80,-11.20330497,25,0,0,1620,,,,,
7.684862852,20.78506201,87,-11.20330497,25,0,-1,1560,,,,,
7.717002153,23.51097179,95,-11.20330497,25,0,-1,1620,,,,,
7.748867989,21.80727818,90,-11.20330497,25,0,1,1620,,,,,
7.780918598,22.82949434,93,-10.85320169,26,0,0,1620,,,,,
7.812792063,24.87392667,99,-11.20330497,25,-1,-1,1620,,,,,
7.844656706,24.53318795,98,-11.55340826,24,0,1,1620,,,,,
7.876922607,21.46653946,89,-11.55340826,24,0,0,1620,,,,,
7.908861399,19.76284585,84,-11.20330497,25,0,0,1620,,,,,
7.941026449,22.1480169,91,-11.90351154,23,0,0,1560,,,,,
7.973085165,21.12580074,88,-11.20330497,25,-1,0,1680,,,,,
8.004962921,22.1480169,91,-11.20330497,25,0,1,1560,,,,,
8.037104368,24.19244923,97,-11.20330497,25,-1,-1,1560,,,,,
8.069081306,22.82949434,93,-11.20330497,25,0,0,1620,,,,,
8.101128817,23.17023307,94,-11.55340826,24,-1,0,1620,,,,,
8.132916689,22.1480169,91,-10.85320169,26,0,0,1620,,,,,
8.165143728,20.78506201,87,-10.15299513,28,1,0,1620,,,,,
8.197206259,21.80727818,90,-11.20330497,25,-1,0,1620,,,,,
8.230636597,22.48875562,92,-11.20330497,25,0,0,1680,,,,,
8.261112452,24.53318795,98,-10.85320169,26,0,0,1620,,,,,
8.293284178,20.78506201,87,-10.15299513,28,0,0,1560,,,,,
8.325395584,23.85171051,96,-10.85320169,26,0,0,1620,,,,,
8.357061863,22.48875562,92,-11.20330497,25,0,0,1620,,,,,
8.389322519,21.80727818,90,-11.90351154,23,-1,-1,1680,,,,,
8.421349525,21.80727818,90,-11.20330497,25,0,0,1620,,,,,
8.453362703,20.78506201,87,-10.85320169,26,-1,0,1680,,,,,
8.485375881,21.12580074,88,-11.20330497,25,0,0,1620,,,,,
8.517595768,22.48875562,92,-11.55340826,24,0,0,1620,,,,,
8.549400806,21.46653946,89,-11.90351154,23,0,0,1680,,,,,
8.581472635,24.53318795,98,-11.90351154,23,0,0,1620,,,,,
8.613358736,23.51097179,95,-11.20330497,25,-1,1,1620,,,,,
8.645589828,23.17023307,94,-11.55340826,24,0,0,1620,,,,,
8.677473783,21.46653946,89,-11.20330497,25,-1,1,1620,,,,,
8.709497452,20.44432329,86,-10.85320169,26,-1,1,1620,,,,,
8.741642952,19.08136841,82,-10.85320169,26,-1,-1,1620,,,,,
8.773451328,18.74062969,81,-11.20330497,25,0,0,1620,,,,,
8.80562067,20.10358457,85,-11.20330497,25,0,0,1620,,,,,
8.837610483,21.12580074,88,-10.85320169,26,0,-1,1620,,,,,
8.869678259,22.82949434,93,-10.85320169,26,0,0,1680,,,,,
8.90170145,23.17023307,94,-10.50309841,27,-1,0,1620,,,,,
8.933689594,22.48875562,92,-11.20330497,25,0,0,1680,,,,,
8.965712547,21.46653946,89,-11.20330497,25,0,0,1620,,,,,
8.997865677,19.42210713,83,-10.85320169,26,0,1,1560,,,,,
9.031177521,20.44432329,86,-11.20330497,25,0,1,1620,,,,,
9.077857018,21.46653946,89,-10.50309841,27,0,0,1620,,,,,
9.11008954,21.12580074,88,-11.55340826,24,0,0,1620,,,,,
9.141878605,18.05915224,79,-11.20330497,25,0,1,1620,,,,,
9.174098492,19.42210713,83,-11.20330497,25,0,-1,1560,,,,,
9.205839872,19.76284585,84,-11.20330497,25,0,-1,1560,,,,,
9.238077402,23.17023307,94,-10.85320169,26,0,0,1620,,,,,
9.269976854,24.53318795,98,-11.55340826,24,0,0,1620,,,,,
9.302276611,24.87392667,99,-11.20330497,25,0,0,1560,,,,,
9.334065914,23.51097179,95,-11.20330497,25,-1,0,1620,,,,,
9.365987301,23.51097179,95,-11.20330497,25,0,0,1620,,,,,
9.39807725,22.1480169,91,-11.20330497,25,0,0,1620,,,,,
9.43005538,20.78506201,87,-11.20330497,25,0,0,1560,,,,,
9.462096691,21.46653946,89,-10.85320169,26,0,0,1560,,,,,
9.494068384,19.42210713,83,-11.20330497,25,0,0,1680,,,,,
9.52618885,21.80727818,90,-11.20330497,25,0,0,1560,,,,,
9.557997704,22.82949434,93,-10.85320169,26,0,1,1620,,,,,
9.589868784,22.82949434,93,-10.50309841,27,0,0,1560,,,,,
9.622294426,21.80727818,90,-11.55340826,24,-1,0,1680,,,,,
9.654353857,19.76284585,84,-11.20330497,25,0,0,1620,,,,,
9.686285257,19.76284585,84,-11.20330497,25,1,0,1620,,,,,
9.734261513,20.78506201,87,-11.20330497,25,0,-1,1620,,,,,
9.766366243,22.1480169,91,-11.20330497,25,-1,0,1680,,,,,
9.798366785,18.05915224,79,-11.20330497,25,0,0,1620,,,,,
9.830409288,18.39989096,80,-11.20330497,25,0,0,1620,,,,,
9.863927603,18.74062969,81,-10.85320169,26,0,0,1620,,,,,
9.894584179,19.76284585,84,-10.85320169,26,0,0,1620,,,,,
9.926444292,21.80727818,90,-10.85320169,26,0,0,1620,,,,,
9.958402157,21.80727818,90,-10.85320169,26,-1,0,1620,,,,,
9.990371466,22.48875562,92,-10.50309841,27,0,1,1620,,,,,
10.0225358,21.12580074,88,-11.20330497,25,0,0,1620,,,,,
10.05433011,22.82949434,93,-11.20330497,25,-1,0,1620,,,,,
10.08649611,20.10358457,85,-11.20330497,25,0,-1,1620,,,,,
10.11855817,19.42210713,83,-11.20330497,25,0,0,1680,,,,,
10.15060401,21.46653946,89,-11.20330497,25,-1,0,1620,,,,,
10.18257117,20.78506201,87,-11.20330497,25,0,-1,1680,,,,,
10.21465254,22.48875562,92,-11.20330497,25,0,0,1620,,,,,
10.24665475,20.78506201,87,-11.55340826,24,0,0,1620,,,,,
10.27870417,20.10358457,85,-11.20330497,25,0,-1,1620,,,,,
10.31071877,17.71841352,78,-11.20330497,25,1,-1,1620,,,,,
10.34264445,22.82949434,93,-10.85320169,26,-1,0,1620,,,,,
10.37450194,20.44432329,86,-10.85320169,26,0,1,1620,,,,,
10.40681148,20.78506201,87,-11.20330497,25,-1,1,1560,,,,,
10.43853068,21.46653946,89,-10.50309841,27,0,1,1620,,,,,
10.47083497,23.17023307,94,-11.20330497,25,-1,0,1620,,,,,
10.50291586,24.53318795,98,-11.20330497,25,-1,0,1620,,,,,
10.53489518,23.51097179,95,-11.20330497,25,0,0,1560,,,,,
10.5668726,24.19244923,97,-11.20330497,25,0,0,1620,,,,,
10.59907055,22.48875562,92,-11.20330497,25,-1,0,1620,,,,,
10.63095021,21.12580074,88,-11.20330497,25,0,0,1620,,,,,
10.66437721,20.44432329,86,-11.20330497,25,0,1,1620,,,,,
10.6949625,21.12580074,88,-11.20330497,25,0,0,1680,,,,,
10.72693062,22.82949434,93,-11.20330497,25,0,-1,1620,,,,,
10.75886178,21.80727818,90,-11.20330497,25,0,0,1620,,,,,
10.79105353,22.1480169,91,-11.20330497,25,0,0,1620,,,,,
10.823066,22.48875562,92,-11.90351154,23,-1,0,1620,,,,,
10.85485268,21.46653946,89,-11.20330497,25,0,0,1620,,,,,
10.8872962,22.1480169,91,-11.20330497,25,0,1,1620,,,,,
10.91926408,19.42210713,83,-11.20330497,25,-1,0,1620,,,,,
10.9511497,19.76284585,84,-10.85320169,26,0,1,1620,,,,,
10.98312807,20.44432329,86,-11.20330497,25,0,0,1620,,,,,
11.01524353,22.48875562,92,-11.20330497,25,0,1,1680,,,,,
11.04726577,23.51097179,95,-11.20330497,25,-1,0,1620,,,,,
11.07925296,22.48875562,92,-11.20330497,25,-1,-1,1620,,,,,
11.11132145,23.17023307,94,-11.20330497,25,-1,-1,1560,,,,,
11.14331794,20.10358457,85,-11.20330497,25,-1,0,1620,,,,,
11.17534709,20.44432329,86,-11.20330497,25,0,0,1680,,,,,
11.20757222,19.08136841,82,-11.20330497,25,0,0,1620,,,,,
11.23930597,19.08136841,82,-11.20330497,25,0,1,1620,,,,,
11.27124572,19.76284585,84,-10.85320169,26,0,0,1680,,,,,
11.30345964,22.1480169,91,-11.20330497,25,0,0,1620,,,,,
11.3356328,22.48875562,92,-10.50309841,27,0,0,1620,,,,,
11.36749959,22.82949434,93,-11.20330497,25,0,0,1560,,,,,
11.39955306,22.82949434,93,-10.50309841,27,-1,1,1620,,,,,
11.43136048,21.12580074,88,-11.90351154,23,0,0,1620,,,,,
11.46475458,20.78506201,87,-11.20330497,25,-1,0,1680,,,,,
11.51155138,20.44432329,86,-11.20330497,25,0,0,1680,,,,,
11.54357553,21.46653946,89,-11.20330497,25,0,0,1680,,,,,
11.57570076,22.48875562,92,-11.20330497,25,-1,0,1620,,,,,
11.60763907,21.46653946,89,-10.85320169,26,0,1,1560,,,,,
11.63970566,19.76284585,84,-11.20330497,25,1,0,1620,,,,,
11.67181897,18.74062969,81,-10.85320169,26,0,0,1560,,,,,
11.70356703,22.1480169,91,-11.20330497,25,0,-1,1620,,,,,
11.73571777,20.44432329,86,-10.85320169,26,0,1,1620,,,,,
11.767838,22.1480169,91,-11.20330497,25,0,1,1620,,,,,
11.79984403,21.46653946,89,-11.20330497,25,0,0,1620,,,,,
11.83186889,20.78506201,87,-11.20330497,25,0,0,1620,,,,,
11.86384177,20.78506201,87,-11.55340826,24,-1,0,1620,,,,,
11.89584851,19.76284585,84,-10.50309841,27,0,0,1620,,,,,
11.92793059,20.10358457,85,-11.20330497,25,0,0,1620,,,,,
11.95992374,19.76284585,84,-11.20330497,25,0,0,1620,,,,,
11.99194837,23.51097179,95,-10.85320169,26,0,1,1680,,,,,
12.02393365,22.1480169,91,-11.55340826,24,0,0,1620,,,,,
12.05603313,21.12580074,88,-11.90351154,23,0,0,1620,,,,,
12.0879643,22.48875562,92,-11.20330497,25,0,1,1620,,,,,
12.11968946,20.44432329,86,-11.55340826,24,0,1,1620,,,,,
12.15188098,21.46653946,89,-11.90351154,23,-1,0,1680,,,,,
12.18405628,22.1480169,91,-11.20330497,25,0,0,1620,,,,,
12.21610713,20.44432329,86,-11.20330497,25,1,0,1620,,,,,
12.24823356,20.78506201,87,-11.20330497,25,0,0,1620,,,,,
12.28159451,22.1480169,91,-11.20330497,25,0,0,1620,,,,,
12.31209421,23.85171051,96,-10.85320169,26,0,0,1680,,,,,
12.34421587,22.1480169,91,-11.20330497,25,0,1,1620,,,,,
12.37637901,19.76284585,84,-10.85320169,26,0,1,1680,,,,,
12.40823793,20.78506201,87,-10.85320169,26,0,0,1680,,,,,
12.44031096,18.39989096,80,-11.20330497,25,0,0,1620,,,,,
12.47211647,17.03693608,76,-11.55340826,24,1,0,1620,,,,,
12.50422525,20.10358457,85,-11.20330497,25,0,0,1620,,,,,
12.53631425,20.10358457,85,-11.90351154,23,0,0,1620,,,,,
12.56853056,21.46653946,89,-11.20330497,25,0,0,1560,,,,,
12.60039258,23.51097179,95,-11.20330497,25,-1,0,1680,,,,,
12.63242197,23.17023307,94,-10.85320169,26,-1,0,1620,,,,,
12.66441727,20.10358457,85,-10.50309841,27,1,0,1620,,,,,
12.69644952,22.1480169,91,-10.15299513,28,0,1,1620,,,,,
12.72848058,20.10358457,85,-11.20330497,25,0,0,1620,,,,,
12.76047635,20.78506201,87,-11.20330497,25,0,-1,1620,,,,,
12.79248524,21.80727818,90,-11.55340826,24,0,0,1620,,,,,
12.82448602,19.76284585,84,-11.55340826,24,0,0,1680,,,,,
12.85653567,21.12580074,88,-11.20330497,25,0,0,1680,,,,,
12.88860083,22.48875562,92,-11.20330497,25,-1,0,1680,,,,,
12.92041802,22.1480169,91,-10.85320169,26,0,-1,1620,,,,,
12.95262527,21.12580074,88,-11.90351154,23,-1,1,1680,,,,,
12.98463368,21.12580074,88,-10.85320169,26,0,-1,1620,,,,,
13.01655006,22.48875562,92,-11.90351154,23,0,0,1680,,,,,
13.04858112,20.44432329,86,-11.20330497,25,0,0,1680,,,,,
13.08161306,21.46653946,89,-11.20330497,25,-1,0,1680,,,,,
13.11262488,21.80727818,90,-10.50309841,27,0,0,1620,,,,,
13.14477634,23.17023307,94,-10.85320169,26,0,0,1620,,,,,
13.17668295,23.17023307,94,-11.20330497,25,0,0,1680,,,,,
13.20887756,23.17023307,94,-11.20330497,25,0,1,1620,,,,,
13.24118733,21.46653946,89,-11.55340826,24,0,0,1560,,,,,
13.27305794,18.74062969,81,-10.50309841,27,0,1,1680,,,,,
13.30530381,21.12580074,88,-11.20330497,25,0,0,1620,,,,,
13.33690619,20.44432329,86,-11.20330497,25,0,1,1680,,,,,
13.36949158,21.12580074,88,-11.20330497,25,0,0,1620,,,,,
13.41694784,20.78506201,87,-11.20330497,25,0,0,1680,,,,,
13.44900393,20.10358457,85,-10.50309841,27,0,1,1620,,,,,
13.48100281,20.10358457,85,-11.20330497,25,0,-1,1620,,,,,
13.51310444,20.78506201,87,-11.20330497,25,0,-1,1680,,,,,
13.54489756,18.74062969,81,-11.20330497,25,1,0,1680,,,,,
13.59295774,21.46653946,89,-10.50309841,27,0,0,1680,,,,,
13.62512469,18.39989096,80,-11.55340826,24,0,0,1620,,,,,
13.65739727,19.42210713,83,-11.20330497,25,0,0,1620,,,,,
13.68910027,22.48875562,92,-11.20330497,25,-1,0,1620,,,,,
13.72118855,22.1480169,91,-11.20330497,25,0,0,1620,,,,,
13.75314808,21.12580074,88,-11.20330497,25,-1,0,1620,,,,,
13.78523993,21.46653946,89,-11.20330497,25,0,0,1620,,,,,
13.81726456,21.12580074,88,-10.85320169,26,0,0,1620,,,,,
13.84958911,21.46653946,89,-11.20330497,25,-1,0,1680,,,,,
13.88130307,21.80727818,90,-11.55340826,24,0,0,1680,,,,,
13.91477489,19.42210713,83,-11.20330497,25,1,0,1680,,,,,
13.96110344,19.42210713,83,-11.90351154,23,0,1,1620,,,,,
13.99337053,21.80727818,90,-11.20330497,25,0,0,1620,,,,,
14.02537155,20.78506201,87,-11.20330497,25,0,0,1620,,,,,
14.0574584,19.08136841,82,-11.55340826,24,0,1,1620,,,,,
14.08945227,19.76284585,84,-11.20330497,25,0,0,1620,,,,,
14.12136436,21.46653946,89,-10.85320169,26,0,0,1680,,,,,
14.15347672,19.42210713,83,-11.20330497,25,0,1,1680,,,,,
14.18565178,20.44432329,86,-10.85320169,26,1,1,1620,,,,,
14.21751261,21.12580074,88,-11.20330497,25,-1,0,1620,,,,,
14.24954939,23.17023307,94,-11.20330497,25,0,0,1620,,,,,
14.28156638,22.48875562,92,-11.20330497,25,-1,0,1680,,,,,
14.31369424,21.46653946,89,-11.20330497,25,0,0,1620,,,,,
14.34562159,20.78506201,87,-10.85320169,26,0,0,1620,,,,,
14.37770653,19.42210713,83,-11.20330497,25,0,0,1620,,,,,
14.40956354,21.80727818,90,-11.20330497,25,1,-1,1680,,,,,
14.44164014,21.12580074,88,-11.55340826,24,0,0,1560,,,,,
14.47373319,22.1480169,91,-11.55340826,24,-1,1,1680,,,,,
14.50576115,19.76284585,84,-11.20330497,25,0,0,1560,,,,,
14.53776956,21.80727818,90,-11.20330497,25,0,0,1620,,,,,
14.56983042,22.82949434,93,-11.20330497,25,-1,0,1560,,,,,
14.60185099,22.48875562,92,-10.85320169,26,0,-1,1620,,,,,
14.64984322,22.1480169,91,-11.20330497,25,0,0,1680,,,,,
14.68190622,21.46653946,89,-11.20330497,25,-1,1,1560,,,,,
14.71386814,23.17023307,94,-11.55340826,24,-1,-1,1680,,,,,
14.74726725,23.17023307,94,-11.20330497,25,0,0,1620,,,,,
14.77782249,18.74062969,81,-11.55340826,24,0,0,1620,,,,,
14.80994797,17.03693608,76,-11.90351154,23,1,0,1620,,,,,
14.84193206,18.05915224,79,-11.20330497,25,0,0,1620,,,,,
14.87400484,20.10358457,85,-11.20330497,25,0,-1,1680,,,,,
14.90600324,22.1480169,91,-11.20330497,25,-1,1,1560,,,,,
14.93805695,21.80727818,90,-11.90351154,23,1,0,1620,,,,,
14.97008348,22.48875562,92,-11.20330497,25,0,1,1620,,,,,
15.00210881,21.80727818,90,-11.20330497,25,0,0,1620,,,,,
15.03425169,20.44432329,86,-10.85320169,26,0,0,1620,,,,,
15.06613636,21.12580074,88,-11.20330497,25,0,0,1620,,,,,
15.09804726,17.71841352,78,-11.20330497,25,1,0,1620,,,,,
15.13015509,18.39989096,80,-11.20330497,25,0,0,1620,,,,,
15.16203523,20.44432329,86,-11.20330497,25,0,0,1620,,,,,
15.1943953,22.1480169,91,-11.20330497,25,0,0,1680,,,,,
15.22626543,22.82949434,93,-10.85320169,26,0,0,1620,,,,,
15.25838041,22.82949434,93,-10.85320169,26,-1,0,1680,,,,,
15.29024863,22.82949434,93,-10.85320169,26,-1,0,1620,,,,,
15.32224321,22.1480169,91,-10.85320169,26,-1,0,1620,,,,,
15.3543613,18.05915224,79,-11.55340826,24,0,-1,1620,,,,,
15.38634467,18.39989096,80,-11.20330497,25,1,1,1680,,,,,
15.41844344,20.10358457,85,-10.85320169,26,0,0,1620,,,,,
15.45028734,21.12580074,88,-11.20330497,25,0,0,1680,,,,,
15.48233485,24.19244923,97,-10.85320169,26,0,0,1680,,,,,
15.51454687,24.87392667,99,-11.20330497,25,-1,1,1620,,,,,
15.54769158,23.85171051,96,-11.20330497,25,0,0,1560,,,,,
15.57850218,22.48875562,92,-11.20330497,25,0,0,1680,,,,,
15.61054254,22.1480169,91,-10.85320169,26,-1,0,1620,,,,,
15.64263558,20.10358457,85,-11.55340826,24,0,0,1620,,,,,
15.67457914,20.10358457,85,-11.20330497,25,0,1,1620,,,,,
15.70663857,20.44432329,86,-10.85320169,26,0,-1,1620,,,,,
15.73862982,23.17023307,94,-11.20330497,25,0,0,1620,,,,,
15.77065444,24.53318795,98,-10.85320169,26,-1,1,1620,,,,,
15.80246592,23.17023307,94,-11.20330497,25,0,0,1620,,,,,
15.8348093,21.46653946,89,-11.20330497,25,0,0,1620,,,,,
15.86683297,20.44432329,86,-11.55340826,24,-1,0,1560,,,,,
15.89887643,21.80727818,90,-10.85320169,26,0,1,1620,,,,,
15.93061996,20.78506201,87,-10.85320169,26,0,0,1620,,,,,
15.96285009,18.74062969,81,-11.20330497,25,0,0,1620,,,,,
15.99487185,19.76284585,84,-10.85320169,26,0,0,1620,,,,,
16.0266366,22.48875562,92,-11.20330497,25,0,0,1680,,,,,
16.05873036,23.51097179,95,-11.20330497,25,-1,0,1680,,,,,
16.09077573,21.80727818,90,-10.85320169,26,0,1,1620,,,,,
16.12284732,19.76284585,84,-10.85320169,26,1,0,1620,,,,,
16.1548574,19.08136841,82,-10.85320169,26,1,0,1620,,,,,
16.18690133,19.76284585,84,-11.20330497,25,0,0,1680,,,,,
16.21892619,19.08136841,82,-10.85320169,26,0,0,1620,,,,,
16.25091076,20.78506201,87,-11.20330497,25,0,-1,1620,,,,,
16.2829535,21.80727818,90,-10.85320169,26,0,0,1620,,,,,
16.31479144,22.48875562,92,-11.20330497,25,0,1,1620,,,,,
16.34838891,23.17023307,94,-11.20330497,25,0,0,1620,,,,,
16.39500403,24.19244923,97,-11.20330497,25,-1,0,1620,,,,,
16.42697692,22.1480169,91,-11.20330497,25,0,-1,1560,,,,,
16.45910573,23.17023307,94,-11.20330497,25,-1,0,1680,,,,,
16.49091268,22.48875562,92,-10.85320169,26,1,0,1620,,,,,
16.52309632,21.80727818,90,-11.20330497,25,0,0,1620,,,,,
16.57113695,20.78506201,87,-11.20330497,25,0,0,1620,,,,,
16.60307503,22.48875562,92,-11.20330497,25,0,-1,1620,,,,,
16.63516378,21.80727818,90,-10.85320169,26,0,0,1620,,,,,
16.66720128,20.78506201,87,-11.20330497,25,-1,0,1620,,,,,
16.69922209,19.42210713,83,-10.85320169,26,0,0,1620,,,,,
16.74693203,22.48875562,92,-11.20330497,25,0,0,1620,,,,,
16.77956009,20.78506201,87,-11.20330497,25,0,0,1620,,,,,
16.81133842,23.51097179,95,-11.20330497,25,0,1,1620,,,,,
16.8431561,23.85171051,96,-10.85320169,26,0,0,1620,,,,,
16.87539744,22.48875562,92,-10.85320169,26,-1,1,1620,,,,,
16.92341375,20.10358457,85,-11.55340826,24,0,0,1620,,,,,
16.9554193,21.12580074,88,-11.20330497,25,0,-1,1620,,,,,
16.98748231,21.46653946,89,-11.20330497,25,0,0,1620,,,,,
17.01954389,18.74062969,81,-11.55340826,24,1,0,1620,,,,,
17.05152774,21.12580074,88,-11.20330497,25,0,0,1620,,,,,
17.08375263,22.48875562,92,-11.20330497,25,0,1,1680,,,,,
17.11561656,21.12580074,88,-11.20330497,25,0,0,1620,,,,,
17.14737511,23.51097179,95,-11.20330497,25,0,0,1620,,,,,
17.179739,22.48875562,92,-11.20330497,25,-1,0,1560,,,,,
17.21273804,22.82949434,93,-11.90351154,23,0,0,1620,,,,,
17.24380064,21.12580074,88,-11.20330497,25,0,0,1620,,,,,
17.27565765,19.76284585,84,-11.20330497,25,-1,0,1680,,,,,
17.30752468,20.10358457,85,-10.85320169,26,0,1,1620,,,,,
17.33973789,20.10358457,85,-11.20330497,25,0,-1,1560,,,,,
17.37178755,20.10358457,85,-11.20330497,25,0,0,1620,,,,,
17.40373969,19.42210713,83,-10.85320169,26,0,0,1620,,,,,
17.43578696,22.82949434,93,-11.20330497,25,0,0,1620,,,,,
17.46787572,25.21466539,100,-11.20330497,25,0,0,1620,,,,,
17.4998734,21.80727818,90,-11.20330497,25,0,0,1620,,,,,
17.53190565,20.44432329,86,-11.20330497,25,0,1,1620,,,,,
17.56388617,19.76284585,84,-10.85320169,26,0,0,1680,,,,,
17.59569359,18.39989096,80,-11.20330497,25,0,0,1620,,,,,
17.62763119,19.42210713,83,-11.20330497,25,0,0,1620,,,,,
17.65991187,19.76284585,84,-11.20330497,25,0,1,1620,,,,,
17.69193888,21.46653946,89,-11.20330497,25,0,0,1620,,,,,
17.72383332,23.17023307,94,-10.85320169,26,0,0,1680,,,,,
17.75603366,24.19244923,97,-11.20330497,25,0,0,1620,,,,,
17.78805804,22.82949434,93,-11.20330497,25,-1,1,1620,,,,,
17.82009697,20.44432329,86,-10.85320169,26,0,0,1620,,,,,
17.85202837,19.08136841,82,-11.20330497,25,-1,0,1680,,,,,
17.8841114,19.76284585,84,-11.20330497,25,0,0,1620,,,,,
17.91641188,18.05915224,79,-11.20330497,25,1,0,1620,,,,,
17.94816327,18.74062969,81,-11.20330497,25,0,0,1620,,,,,
17.97996974,21.80727818,90,-11.20330497,25,0,0,1620,,,,,
18.01345205,23.51097179,95,-10.85320169,26,-1,0,1620,,,,,
18.04417253,23.85171051,96,-11.20330497,25,0,1,1620,,,,,
18.07622647,21.46653946,89,-11.20330497,25,1,0,1620,,,,,
18.10825062,19.08136841,82,-11.55340826,24,0,0,1620,,,,,
18.14029169,21.12580074,88,-11.55340826,24,0,-1,1620,,,,,
18.17213464,19.76284585,84,-10.50309841,27,0,0,1680,,,,,
18.20431709,17.71841352,78,-11.20330497,25,0,0,1620,,,,,
18.23635149,20.78506201,87,-10.85320169,26,0,1,1680,,,,,
18.26839828,24.53318795,98,-11.20330497,25,-1,0,1620,,,,,
18.30042648,23.51097179,95,-11.55340826,24,0,0,1620,,,,,
18.33250785,21.12580074,88,-11.20330497,25,0,0,1620,,,,,
18.36463237,20.10358457,85,-11.20330497,25,0,0,1680,,,,,
18.39650822,20.10358457,85,-11.20330497,25,0,0,1680,,,,,
18.42835665,21.46653946,89,-10.85320169,26,0,0,1680,,,,,
18.46024847,20.44432329,86,-11.20330497,25,0,-1,1620,,,,,
18.4925499,18.74062969,81,-11.20330497,25,0,1,1680,,,,,
18.52474785,20.78506201,87,-11.20330497,25,0,-1,1620,,,,,
18.55654073,23.17023307,94,-10.85320169,26,-1,0,1620,,,,,
18.58853507,22.48875562,92,-10.85320169,26,0,0,1620,,,,,
18.62062907,22.82949434,93,-11.20330497,25,-1,1,1620,,,,,
18.6524682,22.48875562,92,-11.20330497,25,-1,-1,1620,,,,,
18.68468642,20.78506201,87,-11.20330497,25,0,1,1620,,,,,
18.71671295,19.76284585,84,-10.50309841,27,0,0,1680,,,,,
18.74872065,20.10358457,85,-11.55340826,24,0,0,1680,,,,,
18.78081083,18.39989096,80,-11.20330497,25,0,0,1620,,,,,
18.81441855,21.12580074,88,-11.20330497,25,0,0,1620,,,,,
18.86078358,21.12580074,88,-10.85320169,26,0,0,1620,,,,,
18.89295602,20.10358457,85,-11.20330497,25,0,0,1680,,,,,
18.92512178,19.08136841,82,-10.85320169,26,0,0,1620,,,,,
18.95701885,21.46653946,89,-11.55340826,24,0,0,1680,,,,,
18.98888588,22.1480169,91,-11.90351154,23,0,0,1560,,,,,
19.02095485,23.17023307,94,-11.20330497,25,-1,0,1620,,,,,
19.05313206,22.48875562,92,-11.90351154,23,0,0,1620,,,,,
19.08494043,21.12580074,88,-11.20330497,25,0,0,1620,,,,,
19.11703658,21.46653946,89,-10.85320169,26,-1,0,1620,,,,,
19.14903402,19.76284585,84,-11.20330497,25,0,0,1620,,,,,
19.18117356,20.78506201,87,-11.20330497,25,0,1,1680,,,,,
19.21280646,21.46653946,89,-11.20330497,25,0,0,1620,,,,,
19.24521327,22.48875562,92,-10.50309841,27,0,-1,1620,,,,,
19.27704883,23.17023307,94,-10.85320169,26,0,0,1620,,,,,
19.30924177,23.85171051,96,-10.85320169,26,0,-1,1620,,,,,
19.34111643,22.48875562,92,-11.20330497,25,0,0,1680,,,,,
19.3731389,20.10358457,85,-11.20330497,25,0,0,1620,,,,,
19.40516186,19.76284585,84,-10.85320169,26,0,0,1620,,,,,
19.437217,21.80727818,90,-11.20330497,25,0,0,1620,,,,,
19.46925545,20.10358457,85,-11.20330497,25,0,0,1680,,,,,
19.50126863,19.76284585,84,-11.20330497,25,0,0,1620,,,,,
19.53324151,22.48875562,92,-11.20330497,25,0,1,1620,,,,,
19.56529427,23.51097179,95,-11.20330497,25,-1,-1,1620,,,,,
19.59730363,23.17023307,94,-11.20330497,25,0,0,1620,,,,,
19.63100743,23.85171051,96,-11.55340826,24,-1,0,1560,,,,,
19.66112018,19.76284585,84,-11.20330497,25,0,-1,1620,,,,,
19.69322705,21.46653946,89,-11.20330497,25,-1,0,1680,,,,,
19.7254076,19.76284585,84,-10.85320169,26,0,1,1680,,,,,
19.7574985,20.10358457,85,-11.20330497,25,0,0,1620,,,,,
19.78945088,19.76284585,84,-11.20330497,25,0,0,1620,,,,,
19.82150578,22.48875562,92,-11.20330497,25,0,-1,1620,,,,,
19.85350227,23.17023307,94,-10.85320169,26,0,0,1560,,,,,
19.88550663,21.80727818,90,-11.20330497,25,0,0,1620,,,,,
19.91752744,19.42210713,83,-11.55340826,24,0,0,1620,,,,,
19.9494772,20.44432329,86,-11.20330497,25,0,0,1620,,,,,
19.98158455,20.44432329,86,-11.20330497,25,0,0,1680,,,,,
20.01358461,20.10358457,85,-11.20330497,25,0,0,1620,,,,,
20.04566932,20.10358457,85,-11.20330497,25,0,0,1620,,,,,
20.07769442,22.82949434,93,-11.55340826,24,0,0,1680,,,,,
20.10974789,22.48875562,92,-11.55340826,24,0,-1,1680,,,,,
20.14138865,22.48875562,92,-11.20330497,25,0,0,1620,,,,,
20.17389393,22.82949434,93,-11.20330497,25,-1,-1,1620,,,,,
20.20588899,21.12580074,88,-11.20330497,25,0,0,1620,,,,,
20.2537837,22.1480169,91,-10.85320169,26,-1,0,1680,,,,,
20.28579259,24.19244923,97,-10.50309841,27,-1,0,1620,,,,,
20.31784964,24.19244923,97,-10.85320169,26,-1,0,1620,,,,,
20.35013413,24.53318795,98,-11.20330497,25,-1,0,1620,,,,,
20.38185215,21.80727818,90,-11.20330497,25,0,0,1620,,,,,
20.41388488,19.08136841,82,-12.25361482,22,0,0,1560,,,,,
20.44693089,19.76284585,84,-11.20330497,25,1,-1,1620,,,,,
20.47775006,20.78506201,87,-11.20330497,25,0,0,1620,,,,,
20.50996804,22.1480169,91,-11.20330497,25,0,0,1620,,,,,
20.54226279,22.48875562,92,-11.20330497,25,0,-1,1620,,,,,
20.57399964,23.85171051,96,-11.20330497,25,0,0,1680,,,,,
20.60624051,23.17023307,94,-11.20330497,25,-1,0,1620,,,,,
20.63804293,24.53318795,98,-11.20330497,25,0,0,1680,,,,,
20.67008758,21.80727818,90,-10.50309841,27,-1,0,1620,,,,,
20.70209932,20.78506201,87,-10.85320169,26,0,0,1620,,,,,
20.7341001,21.12580074,88,-10.85320169,26,0,0,1620,,,,,
20.76627851,20.44432329,86,-11.55340826,24,0,0,1620,,,,,
20.79819155,21.12580074,88,-10.85320169,26,-1,0,1620,,,,,
20.83020902,23.51097179,95,-10.85320169,26,0,0,1620,,,,,
20.8622539,23.17023307,94,-11.20330497,25,-1,0,1620,,,,,
20.89447188,23.85171051,96,-11.20330497,25,-1,0,1620,,,,,
20.92615199,23.17023307,94,-11.20330497,25,0,1,1620,,,,,
20.95854068,21.46653946,89,-11.20330497,25,-1,0,1620,,,,,
20.99027705,22.1480169,91,-11.20330497,25,-1,0,1620,,,,,
21.0223484,19.76284585,84,-10.50309841,27,0,0,1620,,,,,
21.0542798,20.78506201,87,-11.20330497,25,0,0,1620,,,,,
21.08640337,20.78506201,87,-11.55340826,24,0,0,1620,,,,,
21.13442087,22.1480169,91,-10.85320169,26,0,0,1680,,,,,
21.16634154,20.10358457,85,-10.85320169,26,0,0,1620,,,,,
21.19845343,20.44432329,86,-11.20330497,25,0,1,1620,,,,,
21.23049593,21.80727818,90,-11.20330497,25,0,0,1620,,,,,
21.26409268,22.82949434,93,-11.20330497,25,0,0,1680,,,,,
21.31029773,24.87392667,99,-11.20330497,25,-1,0,1680,,,,,
21.34269333,21.80727818,90,-11.20330497,25,0,0,1620,,,,,
21.37472868,22.82949434,93,-11.20330497,25,0,-1,1620,,,,,
21.40644217,22.82949434,93,-11.20330497,25,0,0,1620,,,,,
21.43860865,22.48875562,92,-10.85320169,26,0,0,1620,,,,,
21.47063851,21.46653946,89,-11.20330497,25,0,0,1620,,,,,
21.50245166,23.17023307,94,-11.20330497,25,0,0,1620,,,,,
21.53468227,20.44432329,86,-11.20330497,25,0,0,1620,,,,,
21.56672168,21.12580074,88,-11.20330497,25,-1,1,1620,,,,,
21.59874153,19.76284585,84,-10.85320169,26,0,0,1620,,,,,
21.63075757,18.39989096,80,-11.20330497,25,0,0,1620,,,,,
21.66261196,21.46653946,89,-11.20330497,25,0,0,1620,,,,,
21.69468355,23.51097179,95,-10.85320169,26,-1,0,1680,,,,,
21.72678661,22.82949434,93,-10.50309841,27,0,0,1620,,,,,
21.75897217,20.44432329,86,-11.20330497,25,-1,0,1620,,,,,
21.79087281,23.51097179,95,-10.85320169,26,0,-1,1620,,,,,
21.82290554,21.46653946,89,-11.20330497,25,-1,0,1680,,,,,
21.8549583,19.42210713,83,-11.20330497,25,-1,0,1620,,,,,
21.88698459,19.08136841,82,-11.20330497,25,1,0,1680,,,,,
21.91898441,18.05915224,79,-11.20330497,25,0,0,1620,,,,,
21.95098639,20.78506201,87,-10.85320169,26,0,1,1620,,,,,
21.98300743,20.44432329,86,-11.20330497,25,0,0,1620,,,,,
22.01517057,22.48875562,92,-11.55340826,24,-1,0,1620,,,,,
22.04712582,19.42210713,83,-11.90351154,23,1,0,1620,,,,,
22.08064461,20.44432329,86,-11.20330497,25,0,1,1620,,,,,
22.11117435,23.17023307,94,-11.20330497,25,0,-1,1620,,,,,
22.14301085,19.08136841,82,-11.20330497,25,0,0,1620,,,,,
22.17523885,18.39989096,80,-11.20330497,25,0,1,1620,,,,,
22.20742178,21.12580074,88,-11.55340826,24,1,0,1680,,,,,
22.23924589,21.12580074,88,-11.20330497,25,-1,0,1680,,,,,
22.271245,21.80727818,90,-11.20330497,25,0,0,1620,,,,,
22.30333877,22.48875562,92,-11.55340826,24,-1,0,1620,,,,,
22.3352809,23.17023307,94,-10.85320169,26,0,1,1620,,,,,
22.36742401,21.46653946,89,-11.90351154,23,-1,0,1620,,,,,
22.39934802,20.44432329,86,-11.20330497,25,0,0,1620,,,,,
22.43137598,19.76284585,84,-11.20330497,25,0,1,1680,,,,,
22.46331382,19.76284585,84,-11.20330497,25,1,-1,1680,,,,,
22.4956646,20.10358457,85,-11.90351154,23,1,-1,1680,,,,,
22.52724242,19.08136841,82,-11.20330497,25,0,0,1680,,,,,
22.5594492,21.12580074,88,-11.20330497,25,0,0,1680,,,,,
22.59148812,23.51097179,95,-11.55340826,24,0,-1,1620,,,,,
22.62356877,23.51097179,95,-11.20330497,25,-1,0,1680,,,,,
22.6557436,21.12580074,88,-11.20330497,25,0,0,1620,,,,,
22.70329976,19.76284585,84,-11.20330497,25,-1,0,1680,,,,,
22.73563671,21.80727818,90,-11.20330497,25,-1,0,1680,,,,,
22.76783586,21.12580074,88,-10.85320169,26,0,-1,1680,,,,,
22.79955029,20.44432329,86,-11.20330497,25,0,1,1680,,,,,
22.83169103,20.44432329,86,-11.20330497,25,0,-1,1680,,,,,
22.86371613,19.42210713,83,-11.20330497,25,0,-1,1620,,,,,
22.89731622,19.42210713,83,-10.85320169,26,0,0,1680,,,,,
22.94363546,20.44432329,86,-11.20330497,25,0,0,1620,,,,,
22.97587037,20.10358457,85,-10.85320169,26,1,0,1620,,,,,
23.00771666,19.42210713,83,-11.20330497,25,-1,0,1620,,,,,
23.04023576,20.10358457,85,-11.20330497,25,1,0,1620,,,,,
23.07178283,23.17023307,94,-11.20330497,25,0,0,1620,,,,,
23.10381079,22.1480169,91,-11.20330497,25,0,0,1680,,,,,
23.13584185,22.1480169,91,-11.20330497,25,0,0,1620,,,,,
23.16785717,21.12580074,88,-11.55340826,24,0,0,1560,,,,,
23.20003557,20.78506201,87,-11.20330497,25,0,0,1620,,,,,
23.23218489,18.39989096,80,-11.20330497,25,0,0,1620,,,,,
23.26418686,18.39989096,80,-10.85320169,26,1,1,1620,,,,,
23.29597616,18.05915224,79,-10.50309841,27,0,0,1620,,,,,
23.32800508,20.44432329,86,-11.55340826,24,0,0,1680,,,,,
23.36007261,20.78506201,87,-11.20330497,25,0,0,1620,,,,,
23.3921113,21.12580074,88,-11.20330497,25,0,1,1620,,,,,
23.42414236,22.1480169,91,-11.20330497,25,0,0,1620,,,,,
23.45616555,21.12580074,88,-11.20330497,25,-1,0,1620,,,,,
23.48833275,21.46653946,89,-10.85320169,26,0,1,1620,,,,,
23.52017689,20.10358457,85,-11.20330497,25,0,0,1620,,,,,
23.55215001,18.74062969,81,-10.85320169,26,0,0,1680,,,,,
23.58422732,18.39989096,80,-11.20330497,25,0,-1,1620,,,,,
23.61624265,21.12580074,88,-11.20330497,25,0,0,1680,,,,,
23.64834309,22.48875562,92,-10.85320169,26,0,0,1680,,,,,
23.68024993,20.44432329,86,-11.20330497,25,0,-1,1680,,,,,
23.71344757,21.80727818,90,-10.85320169,26,0,0,1620,,,,,
23.74437165,22.1480169,91,-10.85320169,26,0,0,1620,,,,,
23.77640533,20.44432329,86,-11.90351154,23,0,1,1680,,,,,
23.80827308,21.80727818,90,-10.85320169,26,0,0,1680,,,,,
23.84043241,20.10358457,85,-11.55340826,24,0,0,1620,,,,,
23.87230682,20.10358457,85,-10.15299513,28,1,0,1620,,,,,
23.90451026,19.42210713,83,-11.20330497,25,0,0,1620,,,,,
23.93653536,21.12580074,88,-11.20330497,25,0,-1,1620,,,,,
23.96856165,22.48875562,92,-10.85320169,26,0,0,1680,,,,,
24.00055671,21.12580074,88,-11.20330497,25,0,0,1620,,,,,
24.03255939,21.46653946,89,-10.85320169,26,0,1,1620,,,,,
24.06467652,21.46653946,89,-11.20330497,25,-1,-1,1680,,,,,
24.09673166,20.10358457,85,-10.85320169,26,-1,0,1680,,,,,
24.12862563,19.08136841,82,-11.55340826,24,-1,0,1620,,,,,
24.16069579,20.10358457,85,-11.20330497,25,-1,0,1620,,,,,
24.19272566,18.74062969,81,-11.20330497,25,1,0,1680,,,,,
24.22481513,18.74062969,81,-11.20330497,25,0,0,1620,,,,,
24.25676084,21.12580074,88,-11.20330497,25,0,0,1620,,,,,
24.28876257,22.48875562,92,-11.20330497,25,0,0,1620,,,,,
24.32081962,21.12580074,88,-11.55340826,24,0,0,1620,,,,,
24.35307574,21.12580074,88,-11.20330497,25,0,0,1680,,,,,
24.38486075,19.42210713,83,-10.50309841,27,0,1,1560,,,,,
24.41693902,18.74062969,81,-11.20330497,25,0,0,1620,,,,,
24.46491265,19.42210713,83,-10.85320169,26,0,0,1620,,,,,
24.49698734,20.44432329,86,-11.20330497,25,0,-1,1620,,,,,
24.53020024,21.12580074,88,-11.55340826,24,0,0,1620,,,,,
24.56100893,19.08136841,82,-11.55340826,24,0,0,1620,,,,,
24.59313917,21.46653946,89,-11.20330497,25,1,0,1620,,,,,
24.62506461,20.10358457,85,-11.55340826,24,-1,0,1620,,,,,
24.65716958,21.80727818,90,-11.20330497,25,0,-1,1620,,,,,
24.68906212,22.82949434,93,-11.20330497,25,0,0,1620,,,,,
24.72108889,21.46653946,89,-11.20330497,25,0,1,1620,,,,,
24.75316715,21.46653946,89,-10.50309841,27,0,0,1620,,,,,
24.78518152,22.1480169,91,-11.20330497,25,0,0,1620,,,,,
24.81716895,21.12580074,88,-10.85320169,26,0,1,1680,,,,,
24.84916854,20.10358457,85,-11.20330497,25,0,-1,1680,,,,,
24.88124537,20.10358457,85,-11.20330497,25,0,0,1620,,,,,
24.91322064,18.05915224,79,-11.20330497,25,1,1,1680,,,,,
24.94541383,18.74062969,81,-11.20330497,25,0,0,1620,,,,,
24.99327993,22.1480169,91,-11.20330497,25,0,0,1680,,,,,
25.0252676,19.76284585,84,-11.20330497,25,0,0,1680,,,,,
25.05713129,20.78506201,87,-10.85320169,26,0,0,1620,,,,,
25.08925056,20.78506201,87,-10.50309841,27,0,0,1620,,,,,
25.12158537,19.76284585,84,-11.20330497,25,1,0,1620,,,,,
25.15337658,22.82949434,93,-11.20330497,25,0,0,1620,,,,,
25.18560052,21.80727818,90,-11.20330497,25,0,0,1680,,,,,
25.21739006,20.78506201,87,-11.55340826,24,0,0,1680,,,,,
25.24963021,18.05915224,79,-11.55340826,24,0,0,1680,,,,,
25.28151202,20.78506201,87,-11.20330497,25,0,0,1620,,,,,
25.31326032,19.42210713,83,-11.20330497,25,0,0,1620,,,,,
25.34660888,21.12580074,88,-10.50309841,27,0,0,1620,,,,,
25.37747931,21.80727818,90,-11.20330497,25,0,0,1620,,,,,
25.40956187,22.48875562,92,-11.20330497,25,0,0,1680,,,,,
25.44161057,22.1480169,91,-11.20330497,25,0,0,1620,,,,,
25.47376466,23.17023307,94,-10.50309841,27,-1,0,1680,,,,,
25.50563574,21.80727818,90,-11.20330497,25,-1,0,1620,,,,,
25.53766704,21.46653946,89,-10.85320169,26,0,0,1620,,,,,
25.56969118,20.78506201,87,-11.20330497,25,-1,-1,1620,,,,,
25.60174942,20.10358457,85,-11.20330497,25,0,0,1620,,,,,
25.63404632,21.12580074,88,-10.15299513,28,1,1,1680,,,,,
25.66577697,19.08136841,82,-11.20330497,25,0,0,1680,,,,,
25.69767261,23.17023307,94,-11.20330497,25,0,-1,1620,,,,,
25.72985959,24.87392667,99,-11.20330497,25,0,0,1680,,,,,
25.76185513,22.82949434,93,-11.20330497,25,-1,1,1620,,,,,
25.79373717,21.46653946,89,-11.20330497,25,0,0,1680,,,,,
25.82586241,22.1480169,91,-11.20330497,25,0,-1,1680,,,,,
25.85786653,20.10358457,85,-10.50309841,27,0,0,1620,,,,,
25.88989329,18.74062969,81,-11.20330497,25,0,1,1620,,,,,
25.92199659,18.05915224,79,-11.20330497,25,0,1,1620,,,,,
25.95419049,20.10358457,85,-11.20330497,25,0,1,1620,,,,,
25.98598886,22.1480169,91,-10.85320169,26,-1,1,1680,,,,,
26.01798749,20.10358457,85,-10.85320169,26,0,1,1620,,,,,
26.05006599,19.76284585,84,-11.20330497,25,0,0,1620,,,,,
26.08209157,20.44432329,86,-11.55340826,24,0,-1,1620,,,,,
26.11396646,19.76284585,84,-11.20330497,25,0,-1,1620,,,,,
26.14714885,19.76284585,84,-10.85320169,26,0,1,1560,,,,,
26.17818427,18.74062969,81,-11.20330497,25,0,0,1560,,,,,
26.21023965,20.44432329,86,-11.20330497,25,0,0,1680,,,,,
26.24226785,22.1480169,91,-10.85320169,26,0,0,1620,,,,,
26.27429914,22.1480169,91,-10.85320169,26,0,0,1620,,,,,
26.30633068,22.48875562,92,-11.20330497,25,0,0,1620,,,,,
26.33836055,20.78506201,87,-11.20330497,25,-1,0,1620,,,,,
26.37024951,18.74062969,81,-10.85320169,26,0,0,1620,,,,,
26.40227079,20.78506201,87,-11.20330497,25,0,0,1620,,,,,
26.43452454,20.10358457,85,-11.20330497,25,0,-1,1620,,,,,
26.46632147,17.71841352,78,-11.20330497,25,1,-1,1680,,,,,
26.49858141,17.71841352,78,-11.20330497,25,0,1,1620,,,,,
26.53046918,19.42210713,83,-11.20330497,25,0,1,1680,,,,,
26.56265497,21.46653946,89,-11.55340826,24,0,0,1620,,,,,
26.59438896,22.82949434,93,-11.20330497,25,-1,0,1620,,,,,
26.62645936,23.17023307,94,-10.85320169,26,0,-1,1620,,,,,
26.6585021,23.85171051,96,-11.20330497,25,-1,0,1620,,,,,
26.69043779,21.80727818,90,-11.20330497,25,-1,0,1620,,,,,
26.72246766,21.46653946,89,-11.20330497,25,-1,0,1680,,,,,
26.75449872,20.44432329,86,-11.20330497,25,0,0,1620,,,,,
26.78652978,20.10358457,85,-11.55340826,24,0,-1,1560,,,,,
26.81855965,20.44432329,86,-11.55340826,24,0,0,1620,,,,,
26.85057211,22.82949434,93,-11.20330497,25,0,0,1620,,,,,
26.88279939,23.17023307,94,-11.55340826,24,0,0,1560,,,,,
26.91463757,23.17023307,94,-11.20330497,25,-1,-1,1680,,,,,
26.94791293,21.12580074,88,-10.85320169,26,0,0,1620,,,,,
26.97870445,21.46653946,89,-10.85320169,26,0,0,1680,,,,,
27.01092124,19.42210713,83,-11.20330497,25,0,0,1620,,,,,
27.04281831,20.10358457,85,-11.20330497,25,-1,0,1680,,,,,
27.07479501,19.42210713,83,-11.20330497,25,1,-1,1620,,,,,
27.10701895,20.44432329,86,-10.85320169,26,0,0,1680,,,,,
27.13888264,21.12580074,88,-10.50309841,27,0,0,1680,,,,,
27.17088485,21.80727818,90,-10.85320169,26,0,0,1680,,,,,
27.20266509,22.1480169,91,-11.20330497,25,-1,-1,1560,,,,,
27.23469496,21.80727818,90,-11.20330497,25,0,0,1680,,,,,
27.26672626,20.78506201,87,-11.20330497,25,-1,1,1680,,,,,
27.29875636,20.78506201,87,-11.90351154,23,0,0,1620,,,,,
27.3307879,21.80727818,90,-11.20330497,25,0,0,1680,,,,,
27.36302686,21.80727818,90,-11.20330497,25,0,0,1620,,,,,
27.39508653,20.44432329,86,-11.20330497,25,1,0,1620,,,,,
27.42707348,21.46653946,89,-10.50309841,27,0,0,1620,,,,,
27.45907068,22.1480169,91,-11.20330497,25,0,-1,1620,,,,,
27.49104309,22.1480169,91,-11.20330497,25,0,0,1620,,,,,
27.52317739,19.76284585,84,-11.20330497,25,0,0,1620,,,,,
27.55495214,19.42210713,83,-11.20330497,25,-1,-1,1620,,,,,
27.58691025,20.78506201,87,-11.20330497,25,-1,0,1680,,,,,
27.61904526,19.76284585,84,-10.85320169,26,0,1,1620,,,,,
27.651191,19.08136841,82,-11.55340826,24,0,0,1680,,,,,
27.68324757,20.10358457,85,-10.15299513,28,0,0,1620,,,,,
27.71529555,20.44432329,86,-11.55340826,24,0,0,1680,,,,,
27.74875832,21.12580074,88,-11.20330497,25,0,1,1680,,,,,
27.77930093,21.80727818,90,-10.85320169,26,0,-1,1680,,,,,
27.81135297,21.12580074,88,-11.20330497,25,-1,0,1680,,,,,
27.84329057,21.12580074,88,-10.85320169,26,-1,0,1620,,,,,
27.8753829,18.05915224,79,-11.20330497,25,-1,0,1680,,,,,
27.90738773,17.71841352,78,-10.85320169,26,0,0,1620,,,,,
27.93943548,16.35545863,74,-10.85320169,26,1,0,1620,,,,,
27.9714911,17.3776748,77,-11.20330497,25,0,0,1680,,,,,
28.00376987,20.44432329,86,-10.85320169,26,-1,0,1620,,,,,
28.03530049,22.82949434,93,-11.20330497,25,0,0,1620,,,,,
28.06733131,20.44432329,86,-11.20330497,25,0,0,1680,,,,,
28.0993619,22.1480169,91,-11.55340826,24,0,1,1680,,,,,
28.13139272,21.80727818,90,-10.85320169,26,0,0,1620,,,,,
28.16342378,21.12580074,88,-10.85320169,26,0,0,1620,,,,,
28.19562483,19.08136841,82,-10.50309841,27,0,1,1620,,,,,
28.22773957,19.76284585,84,-10.85320169,26,0,0,1680,,,,,
28.25980234,19.76284585,84,-10.85320169,26,-1,0,1680,,,,,
28.29166865,21.12580074,88,-11.20330497,25,-1,0,1620,,,,,
28.32367086,21.46653946,89,-11.20330497,25,-1,0,1620,,,,,
28.35580277,21.12580074,88,-10.85320169,26,0,0,1680,,,,,
28.38794708,21.80727818,90,-11.20330497,25,0,0,1680,,,,,
28.4198091,21.12580074,88,-11.20330497,25,-1,1,1620,,,,,
28.45195532,20.78506201,87,-11.20330497,25,0,0,1620,,,,,
28.48375583,20.44432329,86,-11.20330497,25,0,0,1680,,,,,
28.51568723,21.80727818,90,-11.20330497,25,-1,0,1680,,,,,
28.54931092,21.46653946,89,-10.85320169,26,1,1,1620,,,,,
28.57984281,23.17023307,94,-10.85320169,26,-1,0,1620,,,,,
28.6118896,21.80727818,90,-11.20330497,25,0,-1,1620,,,,,
28.64409113,22.1480169,91,-11.20330497,25,-1,0,1620,,,,,
28.67582893,22.48875562,92,-10.85320169,26,-1,-1,1620,,,,,
28.70770311,20.44432329,86,-11.20330497,25,-1,0,1620,,,,,
28.74001336,21.46653946,89,-11.20330497,25,-1,1,1620,,,,,
28.77204132,20.78506201,87,-11.20330497,25,0,0,1620,,,,,
28.80389738,20.78506201,87,-11.20330497,25,0,0,1680,,,,,
28.85197568,19.08136841,82,-10.85320169,26,0,1,1680,,,,,
28.88409877,19.42210713,83,-11.20330497,25,0,0,1620,,,,,
28.91612124,20.10358457,85,-10.85320169,26,-1,0,1620,,,,,
28.94805336,18.39989096,80,-11.20330497,25,0,0,1620,,,,,
28.98020458,20.10358457,85,-11.55340826,24,0,0,1680,,,,,
29.01211047,23.17023307,94,-10.85320169,26,0,1,1680,,,,,
29.04417014,22.48875562,92,-10.85320169,26,0,0,1620,,,,,
29.07642698,23.17023307,94,-10.15299513,28,0,0,1620,,,,,
29.10811591,23.17023307,94,-11.20330497,25,0,0,1680,,,,,
29.14020967,22.82949434,93,-11.20330497,25,0,0,1680,,,,,
29.1722765,21.80727818,90,-11.20330497,25,0,0,1680,,,,,
29.20435357,20.44432329,86,-11.20330497,25,0,-1,1680,,,,,
29.23638511,20.44432329,86,-11.20330497,25,0,0,1680,,,,,
29.26841569,20.10358457,85,-10.50309841,27,0,0,1620,,,,,
29.30044603,21.80727818,90,-10.85320169,26,0,0,1620,,,,,
29.33248401,21.80727818,90,-11.20330497,25,-1,-1,1620,,,,,
29.36580396,22.1480169,91,-11.20330497,25,0,0,1620,,,,,
29.41249466,21.80727818,90,-11.20330497,25,0,1,1620,,,,,
29.4444747,21.46653946,89,-11.20330497,25,0,-1,1560,,,,,
29.47626686,20.78506201,87,-11.20330497,25,-1,-1,1620,,,,,
29.50858903,22.48875562,92,-11.20330497,25,0,1,1620,,,,,
29.54054332,22.48875562,92,-11.20330497,25,-1,1,1680,,,,,
29.57242274,20.78506201,87,-11.20330497,25,0,0,1620,,,,,
29.60467577,18.74062969,81,-11.20330497,25,0,0,1620,,,,,
29.63664293,19.76284585,84,-10.85320169,26,0,1,1620,,,,,
29.66869926,18.74062969,81,-10.15299513,28,0,1,1680,,,,,
29.70064569,19.08136841,82,-11.20330497,25,0,0,1620,,,,,
29.73272705,20.44432329,86,-11.20330497,25,1,0,1620,,,,,
29.76450872,22.82949434,93,-11.20330497,25,0,0,1620,,,,,
29.79668283,22.48875562,92,-11.20330497,25,0,1,1620,,,,,
29.82866955,22.48875562,92,-11.20330497,25,0,-1,1620,,,,,
29.86046624,24.19244923,97,-11.20330497,25,0,0,1740,,,,,
29.89277077,21.12580074,88,-10.85320169,26,-1,0,1620,,,,,
29.92502689,19.42210713,83,-11.20330497,25,0,0,1620,,,,,
29.95682311,21.80727818,90,-11.20330497,25,0,-1,1620,,,,,
29.98888898,20.44432329,86,-10.85320169,26,-1,0,1620,,,,,
30.02088904,20.44432329,86,-11.90351154,23,0,0,1620,,,,,
30.05281281,21.12580074,88,-10.85320169,26,-1,0,1620,,,,,
30.08496356,23.51097179,95,-10.15299513,28,0,0,1680,,,,,
30.11695004,21.80727818,90,-10.85320169,26,0,0,1620,,,,,
30.14915752,20.78506201,87,-11.20330497,25,0,1,1680,,,,,
30.18230724,22.48875562,92,-10.85320169,26,0,0,1680,,,,,
30.21321774,20.78506201,87,-10.85320169,26,0,0,1560,,,,,
30.24513483,20.10358457,85,-11.20330497,25,0,0,1620,,,,,
30.2772727,19.76284585,84,-10.85320169,26,0,0,1620,,,,,
30.30932498,19.42210713,83,-11.20330497,25,0,0,1680,,,,,
30.34096766,20.44432329,86,-11.20330497,25,0,0,1620,,,,,
30.37299776,21.46653946,89,-11.20330497,25,0,0,1680,,,,,
30.40502954,20.10358457,85,-11.20330497,25,0,0,1620,,,,,
30.43706036,22.1480169,91,-10.85320169,26,0,1,1620,,,,,
30.4690907,21.80727818,90,-11.20330497,25,-1,1,1680,,,,,
30.50112152,19.76284585,84,-11.55340826,24,0,-1,1680,,,,,
30.53327775,22.1480169,91,-11.20330497,25,0,0,1620,,,,,
30.56516504,20.78506201,87,-11.55340826,24,0,0,1680,,,,,
30.59734225,22.82949434,93,-10.85320169,26,0,0,1620,,,,,
30.62937498,22.1480169,91,-11.20330497,25,-1,1,1680,,,,,
30.66133428,23.51097179,95,-10.85320169,26,0,0,1680,,,,,
30.69317532,23.17023307,94,-11.20330497,25,-1,-1,1680,,,,,
30.72538424,21.80727818,90,-10.85320169,26,0,0,1620,,,,,
30.77343106,21.12580074,88,-11.20330497,25,0,0,1680,,,,,
30.80546069,22.48875562,92,-11.20330497,25,-1,0,1620,,,,,
30.83760405,23.17023307,94,-11.20330497,25,0,0,1620,,,,,
30.86926246,22.82949434,93,-11.20330497,25,0,-1,1620,,,,,
30.90154195,21.12580074,88,-11.55340826,24,0,0,1680,,,,,
30.93353987,20.10358457,85,-10.85320169,26,0,1,1560,,,,,
30.96558642,20.10358457,85,-11.20330497,25,0,-1,1620,,,,,
30.99929261,20.78506201,87,-11.20330497,25,0,0,1620,,,,,
31.02965808,21.80727818,90,-10.85320169,26,0,1,1680,,,,,
31.06151128,22.1480169,91,-10.85320169,26,0,0,1620,,,,,
31.09365439,23.85171051,96,-11.20330497,25,0,-1,1620,,,,,
31.12568951,24.19244923,97,-10.85320169,26,0,0,1680,,,,,
31.15770006,22.1480169,91,-10.85320169,26,0,0,1620,,,,,
31.18972635,21.12580074,88,-11.20330497,25,0,0,1620,,,,,
31.22182298,21.80727818,90,-10.85320169,26,-1,0,1680,,,,,
31.25380254,20.44432329,86,-11.20330497,25,1,0,1620,,,,,
31.28588367,20.78506201,87,-11.55340826,24,0,0,1620,,,,,
31.31773758,20.44432329,86,-11.20330497,25,0,0,1620,,,,,
31.34973502,23.17023307,94,-11.20330497,25,-1,-1,1620,,,,,
31.38205051,21.80727818,90,-11.20330497,25,0,0,1620,,,,,
31.4137156,23.51097179,95,-11.20330497,25,0,0,1620,,,,,
31.44585681,23.51097179,95,-11.55340826,24,-1,1,1620,,,,,
31.47793484,22.48875562,92,-11.55340826,24,0,0,1620,,,,,
31.51024604,20.78506201,87,-11.20330497,25,0,0,1680,,,,,
31.54204082,20.44432329,86,-11.20330497,25,0,-1,1620,,,,,
31.57403946,20.44432329,86,-10.85320169,26,0,0,1680,,,,,
31.60606742,19.42210713,83,-11.55340826,24,1,0,1680,,,,,
31.6382916,20.78506201,87,-11.20330497,25,0,0,1620,,,,,
31.67003441,21.46653946,89,-11.20330497,25,0,1,1560,,,,,
31.7021451,23.51097179,95,-11.20330497,25,0,1,1680,,,,,
31.7340827,23.51097179,95,-11.20330497,25,0,0,1680,,,,,
31.76617742,21.80727818,90,-11.20330497,25,0,0,1620,,,,,
31.79963017,21.80727818,90,-11.20330497,25,0,0,1620,,,,,
31.83029127,22.82949434,93,-11.20330497,25,0,0,1620,,,,,
31.86207008,20.44432329,86,-11.20330497,25,0,0,1680,,,,,
31.89423513,20.78506201,87,-10.85320169,26,0,0,1620,,,,,
31.92622399,20.44432329,86,-11.20330497,25,0,0,1620,,,,,
31.95820069,23.17023307,94,-10.50309841,27,0,-1,1620,,,,,
31.99033141,23.51097179,95,-10.85320169,26,0,0,1620,,,,,
32.02214289,22.1480169,91,-11.20330497,25,0,0,1680,,,,,
32.05438638,22.48875562,92,-11.20330497,25,-1,0,1680,,,,,
32.08641744,21.46653946,89,-11.20330497,25,0,0,1620,,,,,
32.11855745,22.1480169,91,-10.85320169,26,0,-1,1680,,,,,
32.15044141,21.80727818,90,-11.20330497,25,0,0,1620,,,,,
32.18244171,23.17023307,94,-10.85320169,26,1,0,1620,,,,,
32.21452284,23.85171051,96,-11.20330497,25,-1,0,1620,,,,,
32.24666882,22.1480169,91,-11.20330497,25,-1,0,1620,,,,,
32.27842498,22.82949434,93,-10.85320169,26,-1,0,1620,,,,,
32.31034184,22.82949434,93,-10.85320169,26,-1,1,1620,,,,,
32.34248734,20.78506201,87,-11.20330497,25,0,1,1680,,,,,
32.37459588,18.39989096,80,-11.55340826,24,0,1,1620,,,,,
32.4064877,19.76284585,84,-11.20330497,25,1,0,1620,,,,,
32.43864393,18.74062969,81,-11.55340826,24,1,0,1620,,,,,
32.47067451,18.39989096,80,-11.20330497,25,0,0,1620,,,,,
32.50245214,19.08136841,82,-11.20330497,25,0,0,1620,,,,,
32.5347023,18.74062969,81,-11.20330497,25,0,0,1620,,,,,
32.56671119,22.48875562,92,-11.20330497,25,-1,0,1620,,,,,
32.60014224,22.82949434,93,-11.20330497,25,0,0,1620,,,,,
32.6308279,22.48875562,92,-10.85320169,26,0,-1,1620,,,,,
32.66267109,20.10358457,85,-11.20330497,25,0,-1,1620,,,,,
32.69455147,19.08136841,82,-11.20330497,25,0,0,1620,,,,,
32.72681284,20.10358457,85,-11.20330497,25,0,-1,1620,,,,,
32.75885272,20.44432329,86,-10.85320169,26,0,-1,1620,,,,,
32.79094005,21.80727818,90,-11.20330497,25,0,0,1620,,,,,
32.82285309,21.80727818,90,-11.20330497,25,0,0,1680,,,,,
32.85491276,22.48875562,92,-10.85320169,26,-1,0,1560,,,,,
32.88711762,23.17023307,94,-11.20330497,25,0,0,1680,,,,,
32.91896892,22.1480169,91,-11.20330497,25,-1,1,1620,,,,,
32.950804,20.44432329,86,-11.55340826,24,0,0,1620,,,,,
32.9829042,21.12580074,88,-11.20330497,25,0,-1,1620,,,,,
33.0149529,20.10358457,85,-10.85320169,26,-1,0,1620,,,,,
33.04696655,20.78506201,87,-10.85320169,26,0,1,1620,,,,,
33.0790112,20.44432329,86,-11.20330497,25,0,0,1620,,,,,
33.11102891,20.44432329,86,-11.20330497,25,0,0,1620,,,,,
33.14297795,22.1480169,91,-11.55340826,24,0,1,1680,,,,,
33.17508316,22.1480169,91,-10.50309841,27,-1,0,1680,,,,,
33.20728087,21.46653946,89,-11.90351154,23,-1,-1,1620,,,,,
33.23920369,19.76284585,84,-11.20330497,25,0,1,1560,,,,,
33.27120495,20.44432329,86,-10.50309841,27,0,1,1620,,,,,
33.30337429,21.46653946,89,-11.20330497,25,-1,0,1680,,,,,
33.33515024,21.46653946,89,-11.20330497,25,0,-1,1620,,,,,
33.36750674,23.17023307,94,-10.50309841,27,-1,0,1620,,,,,
33.40077686,23.17023307,94,-11.20330497,25,0,0,1620,,,,,
33.44733477,21.80727818,90,-11.55340826,24,-1,0,1620,,,,,
33.47935152,20.10358457,85,-11.55340826,24,-1,-1,1620,,,,,
33.51134944,21.12580074,88,-11.20330497,25,-1,0,1680,,,,,
33.54344559,20.44432329,86,-11.20330497,25,0,1,1620,,,,,
33.57546592,22.1480169,91,-11.20330497,25,-1,1,1620,,,,,
33.6075685,21.46653946,89,-10.85320169,26,0,0,1620,,,,,
33.63945341,19.08136841,82,-11.20330497,25,0,0,1680,,,,,
33.67149973,21.46653946,89,-11.20330497,25,0,0,1620,,,,,
33.70352459,20.78506201,87,-11.20330497,25,0,0,1680,,,,,
33.75148892,19.76284585,84,-11.20330497,25,0,-1,1620,,,,,
33.7835207,20.44432329,86,-11.20330497,25,0,-1,1620,,,,,
33.81544328,18.39989096,80,-11.20330497,25,0,0,1620,,,,,
33.84755325,19.42210713,83,-12.25361482,22,-1,0,1680,,,,,
33.87954783,20.78506201,87,-11.20330497,25,0,0,1680,,,,,
33.91165447,21.80727818,90,-11.20330497,25,0,0,1620,,,,,
33.94372416,23.85171051,96,-11.20330497,25,-1,0,1620,,,,,
33.97575188,21.46653946,89,-11.20330497,25,0,0,1680,,,,,
34.00789499,22.48875562,92,-11.20330497,25,0,0,1680,,,,,
34.03977466,21.12580074,88,-11.55340826,24,0,1,1620,,,,,
34.07190156,19.08136841,82,-11.20330497,25,0,0,1680,,,,,
34.10389066,18.05915224,79,-11.55340826,24,0,0,1620,,,,,
34.13602138,18.39989096,80,-11.55340826,24,-1,0,1620,,,,,
34.16784954,18.74062969,81,-10.85320169,26,0,0,1680,,,,,
34.19991875,19.08136841,82,-11.20330497,25,0,0,1620,,,,,
34.23339653,20.44432329,86,-11.90351154,23,0,-1,1620,,,,,
34.27991009,19.08136841,82,-11.20330497,25,0,0,1680,,,,,
34.31196976,21.12580074,88,-11.20330497,25,0,0,1680,,,,,
34.34385943,21.12580074,88,-10.85320169,26,1,0,1620,,,,,
34.37592721,21.46653946,89,-11.20330497,25,0,0,1680,,,,,
34.40823174,22.1480169,91,-10.85320169,26,0,1,1680,,,,,
34.45599008,22.48875562,92,-11.20330497,25,0,0,1620,,,,,
34.48810315,21.80727818,90,-10.85320169,26,0,0,1680,,,,,
34.52014828,20.44432329,86,-11.20330497,25,0,0,1620,,,,,
34.55221605,22.82949434,93,-11.20330497,25,0,0,1560,,,,,
34.58418179,23.51097179,95,-10.85320169,26,-1,0,1620,,,,,
34.63209367,23.51097179,95,-11.20330497,25,0,0,1620,,,,,
34.66423225,21.80727818,90,-10.85320169,26,0,1,1680,,,,,
34.69638133,21.12580074,88,-11.20330497,25,-1,0,1620,,,,,
34.72834516,22.48875562,92,-11.20330497,25,-1,-1,1620,,,,,
34.76035881,22.48875562,92,-11.20330497,25,0,0,1680,,,,,
34.79219532,21.12580074,88,-11.20330497,25,0,0,1620,,,,,
34.82446647,20.44432329,86,-10.50309841,27,1,1,1620,,,,,
34.85639787,18.39989096,80,-11.20330497,25,1,0,1620,,,,,
34.88842106,21.46653946,89,-11.20330497,25,0,0,1620,,,,,
34.92041564,20.78506201,87,-11.20330497,25,0,0,1620,,,,,
34.95244002,21.80727818,90,-11.20330497,25,0,0,1680,,,,,
34.98442316,21.80727818,90,-10.85320169,26,0,0,1620,,,,,
35.01649284,22.82949434,93,-10.85320169,26,-1,0,1680,,,,,
35.04847407,24.53318795,98,-11.20330497,25,0,1,1620,,,,,
35.08163762,21.46653946,89,-10.85320169,26,0,-1,1620,,,,,
35.11254644,20.78506201,87,-11.20330497,25,-1,0,1680,,,,,
35.14458108,20.44432329,86,-11.20330497,25,0,0,1620,,,,,
35.17655611,18.74062969,81,-10.85320169,26,1,0,1620,,,,,
35.20826912,19.08136841,82,-10.85320169,26,0,0,1620,,,,,
35.24056768,20.10358457,85,-10.85320169,26,1,-1,1620,,,,,
35.27277255,23.17023307,94,-11.20330497,25,-1,0,1620,,,,,
35.30460072,20.10358457,85,-11.20330497,25,0,1,1620,,,,,
35.33675432,21.46653946,89,-11.20330497,25,-1,0,1620,,,,,
35.36875439,22.1480169,91,-11.20330497,25,0,0,1620,,,,,
35.40074205,21.46653946,89,-11.20330497,25,0,1,1620,,,,,
35.43281293,21.46653946,89,-11.20330497,25,-1,0,1620,,,,,
35.46480608,20.10358457,85,-11.55340826,24,0,-1,1620,,,,,
35.49692559,19.42210713,83,-11.20330497,25,0,-1,1620,,,,,
35.52886152,21.12580074,88,-11.55340826,24,0,-1,1620,,,,,
35.56098223,22.1480169,91,-11.20330497,25,0,1,1620,,,,,
35.59289193,23.51097179,95,-11.20330497,25,-1,1,1620,,,,,
35.62474513,22.82949434,93,-10.85320169,26,0,0,1620,,,,,
35.65701008,20.44432329,86,-11.20330497,25,-1,0,1680,,,,,
35.68899703,20.78506201,87,-11.20330497,25,-1,0,1680,,,,,
35.72099447,19.08136841,82,-11.20330497,25,0,0,1620,,,,,
35.75307918,19.08136841,82,-10.50309841,27,0,0,1620,,,,,
35.78501868,18.05915224,79,-11.55340826,24,0,0,1680,,,,,
35.81709957,18.74062969,81,-11.20330497,25,0,1,1680,,,,,
35.84908557,21.80727818,90,-11.20330497,25,-1,1,1680,,,,,
35.88256073,22.82949434,93,-11.20330497,25,0,-1,1620,,,,,
35.91319418,21.80727818,90,-11.20330497,25,-1,0,1620,,,,,
35.94512463,21.12580074,88,-11.55340826,24,0,0,1620,,,,,
35.97716355,22.1480169,91,-11.20330497,25,-1,0,1680,,,,,
36.00917292,20.10358457,85,-11.20330497,25,0,0,1620,,,,,
36.04127526,19.76284585,84,-11.20330497,25,0,-1,1620,,,,,
36.07318163,18.05915224,79,-11.20330497,25,0,0,1620,,,,,
36.10535407,21.80727818,90,-11.20330497,25,-1,0,1620,,,,,
36.1375351,21.46653946,89,-11.20330497,25,0,0,1620,,,,,
36.16951156,21.12580074,88,-11.20330497,25,0,0,1560,,,,,
36.20136046,22.1480169,91,-10.85320169,26,-1,1,1620,,,,,
36.23338962,20.78506201,87,-11.20330497,25,0,1,1620,,,,,
36.2654171,20.10358457,85,-11.90351154,23,0,0,1620,,,,,
36.29745197,18.39989096,80,-11.20330497,25,0,1,1620,,,,,
36.32953501,18.74062969,81,-11.20330497,25,0,1,1620,,,,,
36.36145568,18.39989096,80,-10.85320169,26,0,2,1680,,,,,
36.39360785,19.76284585,84,-11.20330497,25,0,0,1680,,,,,
36.42535424,21.12580074,88,-11.20330497,25,0,-1,1620,,,,,
36.45760798,19.76284585,84,-11.20330497,25,0,1,1620,,,,,
36.48945355,20.78506201,87,-10.85320169,26,0,-1,1680,,,,,
36.52153087,21.12580074,88,-11.20330497,25,0,-1,1680,,,,,
36.55358458,19.08136841,82,-11.20330497,25,0,0,1680,,,,,
36.58564067,19.08136841,82,-11.20330497,25,0,1,1620,,,,,
36.61767364,19.42210713,83,-11.20330497,25,0,0,1620,,,,,
36.64969468,19.08136841,82,-11.20330497,25,0,0,1620,,,,,
36.68321705,18.74062969,81,-11.20330497,25,0,0,1620,,,,,
36.71374989,19.76284585,84,-10.85320169,26,0,0,1620,,,,,
36.74579167,21.12580074,88,-11.55340826,24,0,-1,1620,,,,,
36.77780461,20.78506201,87,-10.85320169,26,0,0,1620,,,,,
36.80986714,21.80727818,90,-11.20330497,25,-1,0,1620,,,,,
36.84206223,20.10358457,85,-11.55340826,24,-1,0,1620,,,,,
36.87387753,21.80727818,90,-10.50309841,27,0,0,1620,,,,,
36.90566993,21.46653946,89,-11.20330497,25,-1,0,1680,,,,,
36.93781161,20.10358457,85,-10.85320169,26,0,0,1620,,,,,
36.96997023,21.46653946,89,-11.20330497,25,0,0,1620,,,,,
37.00199747,20.44432329,86,-11.90351154,23,0,-1,1620,,,,,
37.03393149,22.48875562,92,-11.55340826,24,-1,0,1620,,,,,
37.06602311,22.1480169,91,-11.20330497,25,-1,0,1620,,,,,
37.09807682,21.46653946,89,-11.20330497,25,-1,0,1620,,,,,
37.13007689,21.80727818,90,-10.50309841,27,0,0,1620,,,,,
37.16208339,20.10358457,85,-11.20330497,25,0,0,1620,,,,,
37.1939261,20.44432329,86,-11.20330497,25,0,0,1560,,,,,
37.22618842,19.08136841,82,-10.85320169,26,1,0,1620,,,,,
37.2581954,20.44432329,86,-11.90351154,23,1,0,1620,,,,,
37.2900815,22.82949434,93,-11.20330497,25,-1,-1,1680,,,,,
37.32217646,24.53318795,98,-11.20330497,25,-1,0,1680,,,,,
37.35417104,23.17023307,94,-11.20330497,25,-1,-1,1620,,,,,
37.38625216,21.80727818,90,-10.85320169,26,0,0,1620,,,,,
37.41837835,21.46653946,89,-11.20330497,25,-1,0,1620,,,,,
37.45030856,18.39989096,80,-11.20330497,25,1,0,1620,,,,,
37.48377705,19.08136841,82,-10.85320169,26,0,0,1620,,,,,
37.51442885,19.76284585,84,-11.20330497,25,0,0,1680,,,,,
37.54646659,20.78506201,87,-11.20330497,25,0,0,1620,,,,,
37.57809091,22.1480169,91,-11.20330497,25,-1,0,1620,,,,,
37.61056566,21.46653946,89,-11.55340826,24,0,1,1680,,,,,
37.6424644,20.44432329,86,-11.20330497,25,-1,-1,1620,,,,,
37.67444348,20.44432329,86,-11.20330497,25,0,0,1680,,,,,
37.70644212,23.17023307,94,-10.85320169,26,-1,1,1680,,,,,
37.73828626,19.08136841,82,-11.90351154,23,0,0,1680,,,,,
37.77052259,18.39989096,80,-11.55340826,24,0,0,1620,,,,,
37.80231786,18.05915224,79,-11.20330497,25,1,0,1680,,,,,
37.83454776,19.76284585,84,-11.55340826,24,0,0,1680,,,,,
37.8666048,20.44432329,86,-11.20330497,25,0,0,1620,,,,,
37.8985579,20.78506201,87,-11.20330497,25,0,0,1620,,,,,
37.93065357,22.82949434,93,-11.20330497,25,-1,0,1620,,,,,
37.96251655,22.82949434,93,-11.20330497,25,-1,0,1620,,,,,
37.99480009,20.44432329,86,-10.85320169,26,0,0,1680,,,,,
38.02674079,19.42210713,83,-10.85320169,26,0,0,1620,,,,,
38.05887341,20.78506201,87,-11.20330497,25,0,0,1620,,,,,
38.09074497,20.78506201,87,-10.85320169,26,0,0,1620,,,,,
38.13874602,20.44432329,86,-10.85320169,26,0,0,1680,,,,,
38.17083573,20.44432329,86,-11.20330497,25,0,0,1680,,,,,
38.20292783,20.44432329,86,-11.20330497,25,1,1,1620,,,,,
38.23499155,21.12580074,88,-10.85320169,26,0,-1,1620,,,,,
38.26711321,20.10358457,85,-11.20330497,25,-1,0,1620,,,,,
38.30039668,20.44432329,86,-11.20330497,25,0,0,1620,,,,,
38.33095384,22.48875562,92,-11.20330497,25,-1,1,1620,,,,,
38.36303234,23.85171051,96,-10.85320169,26,0,0,1620,,,,,
38.39466476,22.48875562,92,-11.20330497,25,-1,0,1560,,,,,
38.42690587,21.80727818,90,-11.55340826,24,-1,0,1740,,,,,
38.45903683,20.44432329,86,-11.20330497,25,0,-1,1620,,,,,
38.49116826,19.08136841,82,-11.55340826,24,0,0,1620,,,,,
38.52304745,18.05915224,79,-11.20330497,25,0,0,1620,,,,,
38.55509901,20.10358457,85,-11.20330497,25,0,1,1680,,,,,
38.58717036,21.12580074,88,-10.85320169,26,-1,0,1620,,,,,
38.61915779,21.80727818,90,-11.20330497,25,0,0,1620,,,,,
38.66720104,22.48875562,92,-10.85320169,26,0,0,1620,,,,,
38.69915128,22.48875562,92,-11.20330497,25,0,0,1680,,,,,
38.73123693,22.82949434,93,-11.20330497,25,0,0,1620,,,,,
38.76294136,23.85171051,96,-11.20330497,25,-1,0,1620,,,,,
38.79542518,24.19244923,97,-11.55340826,24,0,0,1620,,,,,
38.82743216,21.80727818,90,-11.55340826,24,0,1,1620,,,,,
38.85918498,19.08136841,82,-11.20330497,25,0,0,1620,,,,,
38.89128947,19.76284585,84,-11.20330497,25,0,0,1620,,,,,
38.92336917,23.17023307,94,-10.50309841,27,0,0,1680,,,,,
38.9553957,21.12580074,88,-11.55340826,24,0,0,1620,,,,,
38.98759627,21.46653946,89,-11.20330497,25,0,0,1620,,,,,
39.01946807,19.76284585,84,-11.20330497,25,-1,1,1560,,,,,
39.05145407,22.82949434,93,-11.20330497,25,0,0,1620,,,,,
39.08365822,22.48875562,92,-11.90351154,23,-1,0,1620,,,,,
