Time Since Start, Front, Front ADC, Back, Back ADC, RPM ,,,,
9.142384529,-2.725909772,49,9.102685292,52,1620,,,,
9.17322731,1.022216165,60,10.15299513,55,1560,,,,
9.20527482,0.340738722,58,10.50309841,56,1560,,,,
9.237265825,-0.340738722,56,10.15299513,55,1560,,,,8.887721878
9.26926589,0,57,10.50309841,56,1500,,,,
9.301308632,0,57,9.802891853,54,1560,,,,
9.33335948,0.340738722,58,8.402478731,50,1560,,,,
9.365340948,0.340738722,58,9.452788573,53,1560,,,,
9.397387743,0,57,10.15299513,55,1560,,,,
9.429655075,0,57,9.802891853,54,1560,,,,
9.461511612,0,57,9.102685292,52,1500,,,,
9.493444681,0,57,10.15299513,55,1500,,,,
9.525515795,0,57,8.402478731,50,1560,,,,
9.557519197,0,57,9.802891853,54,1560,,,,
9.589434147,0.340738722,58,10.15299513,55,1560,,,,
9.621564865,-0.340738722,56,9.452788573,53,1560,,,,
9.653618336,0,57,10.15299513,55,1560,,,,
9.685721159,0,57,9.802891853,54,1560,,,,
9.717642784,0,57,8.052375451,49,1560,,,,
9.749629736,0.340738722,58,8.402478731,50,1560,,,,
9.781708479,0,57,9.802891853,54,1560,,,,
9.813919067,0.340738722,58,10.50309841,56,1500,,,,
9.845703602,0,57,9.802891853,54,1560,,,,
9.877775431,0,57,10.15299513,55,1560,,,,
9.910005331,-0.340738722,56,9.452788573,53,1560,,,,
9.943089485,0,57,8.752582012,51,1500,,,,
9.973837614,0,57,8.752582012,51,1560,,,,
10.00579381,0,57,10.50309841,56,1500,,,,
10.0378871,-0.340738722,56,8.752582012,51,1560,,,,
10.06987333,0,57,9.102685292,52,1560,,,,
10.1018517,0,57,8.402478731,50,1560,,,,
10.13388419,0.681477443,59,9.452788573,53,1560,,,,
10.16596794,0.681477443,59,8.752582012,51,1560,,,,
10.19788361,0.340738722,58,10.85320169,57,1500,,,,
10.22985482,0.340738722,58,10.15299513,55,1560,,,,
10.26213479,0,57,10.85320169,57,1560,,,,
10.29402924,0.340738722,58,11.20330497,58,1560,,,,
10.32606387,0,57,9.452788573,53,1560,,,,
10.35814166,0,57,9.102685292,52,1560,,,,
10.39005852,-0.340738722,56,10.85320169,57,1560,,,,
10.42213345,0.340738722,58,9.802891853,54,1560,,,,
10.4541955,-0.340738722,56,10.50309841,56,1560,,,,
10.48622775,0.340738722,58,10.15299513,55,1560,,,,
10.51824641,0,57,9.802891853,54,1560,,,,
10.55005479,-0.340738722,56,8.402478731,50,1560,,,,
10.58224821,0,57,9.102685292,52,1560,,,,
10.61404252,0.340738722,58,9.452788573,53,1500,,,,
10.64641142,0,57,9.452788573,53,1560,,,,
10.67822456,0,57,9.102685292,52,1560,,,,
10.71036673,0,57,7.002065609,46,1560,,,,
10.74339151,-0.340738722,56,8.752582012,51,1560,,,,
10.77439713,0,57,7.70227217,48,1620,,,,
10.80644894,-0.681477443,55,8.402478731,50,1560,,,,
10.83846211,0.340738722,58,9.452788573,53,1560,,,,
10.87046671,0,57,9.452788573,53,1500,,,,
10.90249252,0.340738722,58,9.802891853,54,1500,,,,
10.93449926,-0.681477443,55,8.752582012,51,1500,,,,
10.96650362,0.340738722,58,8.402478731,50,1500,,,,
10.998739,-0.340738722,56,9.452788573,53,1560,,,,
11.03034568,0.340738722,58,9.452788573,53,1560,,,,
11.0627048,-0.340738722,56,9.452788573,53,1500,,,,
11.09462357,0,57,9.802891853,54,1560,,,,
11.12667418,0,57,8.402478731,50,1500,,,,
11.15871406,0,57,9.102685292,52,1500,,,,
11.1909225,0,57,9.102685292,52,1560,,,,
11.22272444,0,57,9.452788573,53,1560,,,,
11.25481224,0,57,9.102685292,52,1560,,,,
11.28681064,1.022216165,60,8.052375451,49,1560,,,,
11.31881332,-0.340738722,56,9.102685292,52,1560,,,,
11.35078645,0,57,8.752582012,51,1500,,,,
11.38286424,0,57,8.402478731,50,1560,,,,
11.41487789,0,57,10.15299513,55,1500,,,,
11.44688654,0,57,10.15299513,55,1500,,,,
11.47867751,-0.681477443,55,9.802891853,54,1560,,,,
11.51091623,0.340738722,58,9.802891853,54,1560,,,,
11.54395604,0,57,8.402478731,50,1500,,,,
11.57491255,0,57,9.452788573,53,1560,,,,
11.60676742,0.340738722,58,10.15299513,55,1560,,,,
11.63904762,-0.340738722,56,9.802891853,54,1560,,,,
11.67118764,0.681477443,59,9.802891853,54,1560,,,,
11.70295978,0,57,9.102685292,52,1620,,,,
11.73506975,0.681477443,59,8.402478731,50,1560,,,,
11.76713681,0,57,9.102685292,52,1560,,,,
11.79915047,0.340738722,58,11.20330497,58,1560,,,,
11.83109903,1.022216165,60,10.85320169,57,1560,,,,
11.8631947,0,57,10.85320169,57,1560,,,,
11.8953402,0,57,10.15299513,55,1560,,,,
11.92730856,0,57,9.102685292,52,1560,,,,
11.95927787,-1.022216165,54,9.102685292,52,1560,,,,
11.99128079,-0.340738722,56,9.802891853,54,1560,,,,
12.02333403,0,57,9.802891853,54,1560,,,,
12.05536246,0.340738722,58,9.102685292,52,1560,,,,
12.08746886,-0.340738722,56,9.452788573,53,1500,,,,
12.11935568,0.340738722,58,9.452788573,53,1560,,,,
12.15140414,0,57,7.35216889,47,1560,,,,
12.18341684,0.681477443,59,8.752582012,51,1560,,,,
12.21541452,0,57,9.802891853,54,1560,,,,
12.2474277,0.340738722,58,10.50309841,56,1500,,,,
12.27931404,0,57,9.102685292,52,1560,,,,
12.311378,0.340738722,58,8.752582012,51,1500,,,,
12.34454298,0.340738722,58,7.70227217,48,1500,,,,
12.37554908,0,57,9.102685292,52,1500,,,,
12.40753055,0,57,9.802891853,54,1560,,,,
12.4395802,0,57,9.802891853,54,1500,,,,
12.47153234,0,57,9.102685292,52,1500,,,,
12.50363016,0,57,7.70227217,48,1560,,,,
12.53567052,0,57,7.70227217,48,1560,,,,
12.56752181,0,57,8.052375451,49,1500,,,,
12.5997498,0,57,9.802891853,54,1560,,,,
12.63173747,0.340738722,58,9.452788573,53,1560,,,,
12.66363716,0,57,9.452788573,53,1560,,,,
12.69595337,0,57,9.802891853,54,1620,,,,
12.72793221,0,57,8.752582012,51,1560,,,,
12.76009417,-1.022216165,54,8.402478731,50,1500,,,,
12.79186511,0,57,8.052375451,49,1500,,,,
12.82388568,0,57,10.15299513,55,1560,,,,
12.85561681,0.340738722,58,9.802891853,54,1560,,,,
12.88794422,0,57,9.452788573,53,1500,,,,
12.91999483,0.340738722,58,8.752582012,51,1500,,,,
12.95214176,0.340738722,58,9.102685292,52,1500,,,,
12.99999261,0,57,7.70227217,48,1500,,,,
13.03197885,0,57,11.20330497,58,1560,,,,
13.06376028,0,57,9.452788573,53,1560,,,,
13.09615993,0,57,9.102685292,52,1500,,,,
13.12829423,0,57,9.102685292,52,1560,,,,
13.16159058,0,57,9.452788573,53,1560,,,,
13.20814061,0.340738722,58,9.102685292,52,1560,,,,
13.24007154,0,57,10.15299513,55,1560,,,,
13.27202249,0,57,10.85320169,57,1500,,,,
13.30423021,0,57,9.452788573,53,1560,,,,
13.33609581,0.681477443,59,8.752582012,51,1560,,,,
13.36824942,0.681477443,59,8.752582012,51,1500,,,,
13.40030837,-0.340738722,56,9.452788573,53,1560,,,,
13.43254304,0,57,9.102685292,52,1560,,,,
13.46414948,0,57,9.452788573,53,1560,,,,
13.49620104,-0.681477443,55,9.452788573,53,1560,,,,
13.52817726,0,57,8.752582012,51,1560,,,,
13.56045532,0,57,8.752582012,51,1560,,,,
13.59248424,0.681477443,59,8.752582012,51,1560,,,,
13.62432003,0,57,8.402478731,50,1560,,,,
13.65644431,0,57,8.752582012,51,1560,,,,
13.68843508,0,57,9.102685292,52,1500,,,,
13.72063661,0,57,10.15299513,55,1500,,,,
13.75254631,0,57,10.15299513,55,1500,,,,
13.78456879,0.340738722,58,8.052375451,49,1500,,,,
13.81657147,0,57,9.102685292,52,1560,,,,
13.84866476,0,57,8.752582012,51,1560,,,,
13.88073874,0.340738722,58,9.452788573,53,1560,,,,
13.91288733,0,57,9.452788573,53,1560,,,,
13.94490767,0.340738722,58,8.752582012,51,1560,,,,
13.97780252,0,57,9.102685292,52,1560,,,,
14.00897813,0,57,8.402478731,50,1620,,,,
14.04093552,0,57,9.452788573,53,1560,,,,
14.07281184,0.340738722,58,10.50309841,56,1560,,,,
14.10477281,0.340738722,58,10.50309841,56,1560,,,,
14.1368103,0,57,9.802891853,54,1560,,,,
14.16883922,-0.340738722,56,8.752582012,51,1560,,,,
14.20089698,0,57,8.402478731,50,1500,,,,
14.23300314,0,57,9.452788573,53,1560,,,,
14.2646606,0,57,10.15299513,55,1500,,,,
14.29694605,0,57,9.802891853,54,1560,,,,
14.32903647,-0.340738722,56,9.802891853,54,1560,,,,
14.36109281,0,57,9.102685292,52,1560,,,,
14.39292693,0,57,8.752582012,51,1560,,,,
14.42499828,0,57,9.102685292,52,1560,,,,
14.45716882,0,57,10.15299513,55,1560,,,,
14.4887805,0.340738722,58,10.15299513,55,1560,,,,
14.52113318,0,57,9.802891853,54,1560,,,,
14.56901956,0,57,10.85320169,57,1560,,,,
14.60124183,0.340738722,58,9.452788573,53,1560,,,,
14.63311291,0,57,9.802891853,54,1500,,,,
14.66514373,0.340738722,58,9.802891853,54,1560,,,,
14.69725537,0,57,8.752582012,51,1500,,,,
14.7452271,-0.340738722,56,10.15299513,55,1560,,,,
14.77711082,0,57,9.452788573,53,1560,,,,
14.81055236,0,57,9.102685292,52,1560,,,,
14.84135079,0,57,10.85320169,57,1560,,,,
14.87336516,0.681477443,59,9.452788573,53,1560,,,,
14.9056282,0,57,10.15299513,55,1560,,,,
14.93739247,0,57,10.15299513,55,1560,,,,
14.96941423,0,57,8.752582012,51,1500,,,,
15.00163341,0,57,9.802891853,54,1560,,,,
15.03342724,0,57,8.052375451,49,1560,,,,
15.06549478,1.022216165,60,9.102685292,52,1560,,,,
15.09737802,0.340738722,58,10.50309841,56,1560,,,,
15.12936115,0.340738722,58,8.752582012,51,1560,,,,
15.16150236,0.340738722,58,9.452788573,53,1500,,,,
15.19361067,0.681477443,59,8.752582012,51,1500,,,,
15.22559905,0,57,8.752582012,51,1560,,,,
15.25778413,0,57,9.452788573,53,1560,,,,
15.28965116,0,57,10.15299513,55,1560,,,,
15.32168508,-0.340738722,56,9.452788573,53,1560,,,,
15.35371923,0,57,9.452788573,53,1620,,,,
15.38574696,0.340738722,58,8.752582012,51,1620,,,,
15.4177773,0,57,9.102685292,52,1560,,,,
15.44982767,-0.340738722,56,9.452788573,53,1560,,,,
15.48183298,0,57,9.452788573,53,1560,,,,
15.51378655,0,57,9.802891853,54,1560,,,,
15.54623055,0,57,9.452788573,53,1560,,,,
15.57804608,0,57,9.452788573,53,1560,,,,
15.61189032,0,57,9.102685292,52,1560,,,,
15.65792012,0,57,9.802891853,54,1500,,,,
15.69005823,1.022216165,60,9.452788573,53,1560,,,,
15.72192717,0,57,8.052375451,49,1560,,,,
15.75407195,-0.340738722,56,9.102685292,52,1560,,,,
15.78600097,0,57,9.452788573,53,1560,,,,
15.81795931,-0.340738722,56,10.85320169,57,1560,,,,
15.84991717,-0.681477443,55,10.15299513,55,1560,,,,
15.88192344,0,57,9.452788573,53,1560,,,,
15.91421175,0,57,9.102685292,52,1560,,,,
15.94610882,0,57,8.402478731,50,1560,,,,
15.97842741,0,57,9.802891853,54,1560,,,,
16.01015759,0.681477443,59,10.85320169,57,1500,,,,
16.04215693,0,57,9.802891853,54,1500,,,,
16.07421064,0.340738722,58,9.452788573,53,1560,,,,
16.10629487,0,57,9.102685292,52,1560,,,,
16.1542542,0.340738722,58,9.102685292,52,1560,,,,
16.18650031,0.340738722,58,9.102685292,52,1560,,,,
16.21833205,0,57,8.402478731,50,1560,,,,
16.25022125,0.340738722,58,7.70227217,48,1560,,,,
16.28249502,-0.681477443,55,9.102685292,52,1560,,,,
16.33021474,0,57,9.102685292,52,1560,,,,
16.36239696,0,57,8.402478731,50,1560,,,,
16.39439678,0,57,8.052375451,49,1560,,,,
16.42653728,0,57,9.452788573,53,1560,,,,
16.4601872,-0.340738722,56,9.452788573,53,1500,,,,
16.50649118,0,57,9.452788573,53,1560,,,,
16.53854394,0,57,9.102685292,52,1560,,,,
16.57049656,0,57,10.15299513,55,1560,,,,
16.60239363,0,57,9.452788573,53,1560,,,,
16.63465691,0,57,9.452788573,53,1560,,,,
16.66665149,0,57,9.102685292,52,1620,,,,
16.69860339,0,57,8.402478731,50,1560,,,,
16.73062801,0,57,9.102685292,52,1560,,,,
16.76261878,-0.681477443,55,9.102685292,52,1560,,,,
16.79468203,0,57,8.052375451,49,1620,,,,
16.82672334,0,57,8.402478731,50,1560,,,,
16.85873008,0,57,8.752582012,51,1560,,,,
16.89086199,0,57,8.402478731,50,1560,,,,
16.92295504,-0.340738722,56,8.402478731,50,1560,,,,
16.95481753,0,57,9.452788573,53,1560,,,,
17.00287676,0,57,10.50309841,56,1560,,,,
17.0348413,0,57,9.102685292,52,1500,,,,
17.06704593,0,57,9.452788573,53,1560,,,,
17.09931469,0,57,9.452788573,53,1560,,,,
17.13105726,0.681477443,59,9.102685292,52,1560,,,,
17.16313457,0,57,8.752582012,51,1560,,,,
17.19483113,0.340738722,58,7.70227217,48,1560,,,,
17.2273016,0.340738722,58,7.35216889,47,1560,,,,
17.25903249,-0.681477443,55,8.402478731,50,1560,,,,
17.29267693,-0.681477443,55,9.452788573,53,1620,,,,
17.32305884,0,57,9.102685292,52,1620,,,,
17.35500216,0.681477443,59,9.452788573,53,1560,,,,
17.38710546,-0.340738722,56,7.70227217,48,1620,,,,
17.41948128,1.022216165,60,8.402478731,50,1560,,,,
17.45112491,0,57,6.651962329,45,1560,,,,
17.48306775,0,57,8.752582012,51,1560,,,,
17.51523733,0,57,9.802891853,54,1560,,,,
17.54722953,0,57,9.452788573,53,1560,,,,
17.57912874,0,57,9.102685292,52,1560,,,,
17.61116982,0.340738722,58,7.70227217,48,1620,,,,
17.64325523,0,57,8.402478731,50,1620,,,,
17.67532063,-0.340738722,56,7.002065609,46,1620,,,,
17.72330999,0.340738722,58,8.402478731,50,1560,,,,
17.7553215,1.022216165,60,7.70227217,48,1620,,,,
17.78739452,0,57,7.35216889,47,1560,,,,
17.81936812,0,57,9.102685292,52,1620,,,,
17.85142112,-0.681477443,55,10.15299513,55,1560,,,,
17.89943528,0,57,9.102685292,52,1620,,,,
17.93167758,0,57,9.102685292,52,1620,,,,
17.96331096,0,57,9.452788573,53,1620,,,,
17.99554396,0.340738722,58,9.802891853,54,1560,,,,
18.02757382,0.340738722,58,9.452788573,53,1560,,,,
18.07556486,0,57,8.752582012,51,1560,,,,
18.10759902,0,57,8.752582012,51,1560,,,,
18.14106846,0.340738722,58,8.052375451,49,1560,,,,
18.17158723,0,57,8.052375451,49,1620,,,,
18.20367408,0.681477443,59,7.35216889,47,1620,,,,
18.25158024,0,57,7.70227217,48,1560,,,,
18.28372908,0.681477443,59,8.052375451,49,1620,,,,
18.31571388,0,57,7.70227217,48,1560,,,,
18.34765816,-0.340738722,56,8.052375451,49,1560,,,,
18.37992764,0,57,9.102685292,52,1620,,,,
18.42779136,0,57,9.102685292,52,1560,,,,
18.45991039,0.340738722,58,7.35216889,47,1620,,,,
18.49187112,0.340738722,58,8.752582012,51,1560,,,,
18.52386332,0,57,9.452788573,53,1620,,,,
18.55592442,0,57,10.15299513,55,1560,,,,
18.60389853,0,57,9.802891853,54,1620,,,,
18.6359725,0,57,8.752582012,51,1560,,,,
18.66799808,-0.340738722,56,9.102685292,52,1560,,,,
18.70004153,0,57,8.752582012,51,1560,,,,
18.73205543,0,57,8.402478731,50,1560,,,,
18.77999377,0.681477443,59,7.002065609,46,1560,,,,
18.81232405,0,57,7.002065609,46,1560,,,,
18.84422922,0,57,8.402478731,50,1560,,,,
18.8759892,0.340738722,58,7.70227217,48,1560,,,,
18.90814137,-0.340738722,56,7.35216889,47,1560,,,,
18.94020915,0.340738722,58,6.651962329,45,1560,,,,
18.97220922,0,57,8.402478731,50,1560,,,,
19.0055275,0,57,9.452788573,53,1560,,,,
19.03629708,0.340738722,58,8.402478731,50,1620,,,,
19.06837773,0,57,8.052375451,49,1620,,,,
19.10031724,0.340738722,58,7.70227217,48,1620,,,,
19.13233972,0,57,7.002065609,46,1620,,,,
19.16434407,0,57,6.651962329,45,1620,,,,
19.19634318,0,57,8.402478731,50,1620,,,,
19.22866869,0,57,9.452788573,53,1560,,,,
19.26018834,0,57,8.052375451,49,1620,,,,
19.2924521,0,57,8.752582012,51,1560,,,,
19.32435226,0,57,7.002065609,46,1560,,,,
19.3564539,0,57,5.601652487,42,1560,,,,
19.38865781,-0.340738722,56,6.651962329,45,1560,,,,
19.42055607,0.340738722,58,8.402478731,50,1620,,,,
19.45261693,0,57,8.402478731,50,1620,,,,
19.48457003,0,57,7.70227217,48,1560,,,,
19.51655364,0,57,8.402478731,50,1560,,,,
19.5486362,-0.340738722,56,7.70227217,48,1560,,,,
19.5806253,0.340738722,58,7.002065609,46,1620,,,,
19.61259103,-0.340738722,56,6.301859048,44,1560,,,,
19.64471173,0.340738722,58,9.102685292,52,1560,,,,
19.67646384,0,57,9.802891853,54,1620,,,,
19.70886207,0,57,9.102685292,52,1620,,,,
19.74071002,0,57,9.102685292,52,1560,,,,
19.77281809,0.340738722,58,7.70227217,48,1560,,,,
19.80636096,0,57,7.35216889,47,1620,,,,
19.83682132,0,57,6.301859048,44,1560,,,,
19.86884642,0,57,8.052375451,49,1560,,,,
19.90059257,-0.340738722,56,8.402478731,50,1620,,,,
19.93289876,0,57,10.15299513,55,1620,,,,
19.96486855,0,57,9.102685292,52,1560,,,,
19.99664593,0.340738722,58,7.70227217,48,1620,,,,
20.02906442,1.022216165,60,5.951755768,43,1560,,,,
20.06119752,0,57,7.002065609,46,1560,,,,
20.09318447,0,57,7.35216889,47,1560,,,,
20.12508655,0,57,7.70227217,48,1620,,,,
20.15705609,0.340738722,58,8.402478731,50,1560,,,,
20.18908,0,57,8.052375451,49,1560,,,,
20.22111917,0,57,8.052375451,49,1560,,,,
20.25313377,-0.681477443,55,7.70227217,48,1560,,,,
20.28511167,0,57,7.002065609,46,1560,,,,
20.31732702,0,57,8.052375451,49,1620,,,,
20.34921885,0.681477443,59,8.052375451,49,1620,,,,
20.38126111,-1.022216165,54,8.752582012,51,1560,,,,
20.41313529,0,57,7.70227217,48,1560,,,,
20.44526291,0.340738722,58,9.102685292,52,1560,,,,
20.4773221,0,57,7.70227217,48,1560,,,,
20.50929546,0,57,7.70227217,48,1560,,,,
20.5413096,0.340738722,58,7.35216889,47,1560,,,,
20.57330632,0,57,7.70227217,48,1560,,,,
20.6068747,0,57,8.752582012,51,1620,,,,
20.63740325,0,57,9.452788573,53,1560,,,,
20.6694243,0,57,7.35216889,47,1560,,,,
20.70168829,-0.340738722,56,6.651962329,45,1560,,,,
20.73351002,0,57,7.002065609,46,1560,,,,
20.76549745,0.340738722,58,8.052375451,49,1560,,,,
20.79739308,-0.340738722,56,7.70227217,48,1560,,,,
20.82934952,0.340738722,58,9.102685292,52,1560,,,,
20.86154294,0.340738722,58,8.052375451,49,1560,,,,
20.89357996,0,57,8.052375451,49,1560,,,,
20.92562747,0,57,7.35216889,47,1560,,,,
20.95765162,-0.340738722,56,7.70227217,48,1560,,,,
20.98969841,0,57,7.002065609,46,1560,,,,
21.0216825,0,57,6.301859048,44,1560,,,,
21.05375242,0,57,8.752582012,51,1560,,,,
21.08573389,0.340738722,58,8.752582012,51,1620,,,,
21.11777639,0,57,8.402478731,50,1620,,,,
21.14984679,0.340738722,58,8.752582012,51,1560,,,,
21.1818552,0.681477443,59,8.752582012,51,1560,,,,
21.21381164,0,57,6.651962329,45,1560,,,,
21.24556947,0.340738722,58,7.70227217,48,1620,,,,
21.27766109,0.681477443,59,8.052375451,49,1620,,,,
21.30988026,0,57,8.402478731,50,1620,,,,
21.34195423,0,57,8.402478731,50,1560,,,,
21.37395167,0,57,8.402478731,50,1560,,,,
21.40738654,-0.340738722,56,7.35216889,47,1620,,,,
21.45399594,0,57,7.70227217,48,1620,,,,
21.48603988,0,57,9.102685292,52,1620,,,,
21.51805663,-0.681477443,55,8.052375451,49,1620,,,,
21.54999971,-0.340738722,56,6.651962329,45,1620,,,,
21.58203149,0,57,6.651962329,45,1560,,,,
21.61406112,0.681477443,59,8.752582012,51,1560,,,,
21.64609194,0.340738722,58,8.402478731,50,1560,,,,
21.67812371,0,57,7.70227217,48,1560,,,,
21.71015596,0.340738722,58,7.70227217,48,1560,,,,
21.7582078,0,57,8.402478731,50,1560,,,,
21.79018807,0,57,8.402478731,50,1620,,,,
21.82226086,0,57,9.452788573,53,1620,,,,
21.85485768,0.340738722,58,9.102685292,52,1560,,,,
21.88626099,0,57,8.752582012,51,1560,,,,
21.93433976,0,57,8.052375451,49,1560,,,,
21.96627855,0.340738722,58,6.651962329,45,1500,,,,
21.99841595,0.681477443,59,7.002065609,46,1620,,,,
22.03022003,-0.340738722,56,7.35216889,47,1560,,,,
22.06238174,0.681477443,59,8.052375451,49,1560,,,,
22.09459782,0,57,8.402478731,50,1560,,,,
22.12624836,0,57,8.752582012,51,1560,,,,
22.15860319,-0.340738722,56,8.402478731,50,1620,,,,
22.19053292,0,57,7.70227217,48,1620,,,,
22.22252774,0.681477443,59,7.002065609,46,1620,,,,
22.25558829,0.340738722,58,7.70227217,48,1560,,,,
22.30252886,0,57,7.70227217,48,1620,,,,
22.33460617,-0.681477443,55,7.002065609,46,1560,,,,
22.36656046,0,57,7.70227217,48,1560,,,,
22.39887023,0,57,7.70227217,48,1560,,,,
22.4306891,0,57,8.752582012,51,1560,,,,
22.46265268,-1.022216165,54,7.70227217,48,1560,,,,
22.49468207,0,57,8.752582012,51,1560,,,,
22.5269444,0.340738722,58,7.35216889,47,1560,,,,
22.55887198,0,57,8.052375451,49,1620,,,,
22.59083295,-0.681477443,55,7.70227217,48,1560,,,,
22.63880944,-0.681477443,55,8.752582012,51,1560,,,,
22.67082047,0,57,8.752582012,51,1560,,,,
22.70285177,0,57,8.052375451,49,1560,,,,
22.7348814,0,57,8.752582012,51,1560,,,,
22.7668848,-0.340738722,56,8.752582012,51,1560,,,,
22.79887366,0,57,8.752582012,51,1560,,,,
22.83072853,0.340738722,58,7.70227217,48,1500,,,,
22.8629787,0.681477443,59,7.70227217,48,1560,,,,
22.89498162,0.340738722,58,8.402478731,50,1560,,,,
22.9270494,0,57,8.402478731,50,1560,,,,
22.95886707,0,57,9.452788573,53,1560,,,,
22.99077487,0.340738722,58,9.802891853,54,1560,,,,
23.02294612,0,57,8.752582012,51,1560,,,,
23.05515361,0,57,8.052375451,49,1560,,,,
23.0884583,0,57,7.70227217,48,1560,,,,
23.11916327,0.340738722,58,8.402478731,50,1560,,,,
23.15116334,0.340738722,58,8.402478731,50,1500,,,,
23.18318939,0.340738722,58,8.402478731,50,1560,,,,
23.21526623,0,57,9.102685292,52,1500,,,,
23.24723768,0.340738722,58,8.752582012,51,1560,,,,
23.27928972,0,57,10.15299513,55,1560,,,,
23.3112874,-0.681477443,55,8.752582012,51,1500,,,,
23.34335232,0,57,8.052375451,49,1560,,,,
23.37512851,1.022216165,60,9.102685292,52,1560,,,,
23.40707016,0,57,9.452788573,53,1560,,,,
23.43913245,0.340738722,58,9.802891853,54,1560,,,,
23.4714787,0,57,8.752582012,51,1620,,,,
23.50344968,0.340738722,58,8.052375451,49,1560,,,,
23.53543186,-0.340738722,56,8.402478731,50,1560,,,,
23.56750345,-0.681477443,55,8.752582012,51,1620,,,,
23.59949374,-0.340738722,56,8.052375451,49,1620,,,,
23.63145995,0,57,8.402478731,50,1560,,,,
23.66372442,0.681477443,59,8.402478731,50,1560,,,,
23.69558096,0,57,8.402478731,50,1620,,,,
23.72783422,0,57,7.002065609,46,1620,,,,
23.75970221,0.340738722,58,7.35216889,47,1560,,,,
23.79138565,0,57,8.402478731,50,1560,,,,
23.82361484,0,57,9.452788573,53,1500,,,,
23.85561395,0,57,9.452788573,53,1500,,,,
23.88814569,0,57,9.452788573,53,1560,,,,
23.91967487,1.022216165,60,9.102685292,52,1560,,,,
23.95170641,0,57,8.752582012,51,1560,,,,
23.98373723,0.681477443,59,8.402478731,50,1560,,,,
24.01583505,0,57,8.402478731,50,1560,,,,
24.0478456,0,57,7.70227217,48,1560,,,,
24.07981944,-0.681477443,55,8.402478731,50,1560,,,,
24.11207604,0,57,9.452788573,53,1560,,,,
24.14389992,-0.340738722,56,9.102685292,52,1560,,,,
24.17610335,-0.340738722,56,8.752582012,51,1500,,,,
24.20791888,0,57,8.752582012,51,1560,,,,
24.23982978,0,57,8.402478731,50,1560,,,,
24.27179933,-0.340738722,56,9.102685292,52,1560,,,,
24.30406761,0,57,8.752582012,51,1560,,,,
24.33581471,0,57,8.052375451,49,1560,,,,
24.36784554,0,57,7.70227217,48,1560,,,,
24.39987636,-0.340738722,56,7.35216889,47,1560,,,,
24.43190622,0.681477443,59,8.052375451,49,1560,,,,
24.46394467,-0.681477443,55,8.752582012,51,1560,,,,
24.49613857,0,57,9.102685292,52,1560,,,,
24.52814412,0,57,9.452788573,53,1500,,,,
24.5604279,0.340738722,58,8.402478731,50,1560,,,,
24.59260631,0,57,8.752582012,51,1560,,,,
24.62452316,0.340738722,58,8.402478731,50,1560,,,,
24.65628028,0,57,7.70227217,48,1560,,,,
24.69012332,0,57,9.802891853,54,1560,,,,
24.72060227,-0.340738722,56,9.102685292,52,1560,,,,
24.75237608,0.681477443,59,8.402478731,50,1560,,,,
24.78437662,0.681477443,59,8.402478731,50,1560,,,,
24.81637979,0,57,7.35216889,47,1560,,,,
24.84844923,0.340738722,58,8.402478731,50,1560,,,,
24.88070726,-0.340738722,56,8.052375451,49,1620,,,,
24.91245484,-0.340738722,56,8.052375451,49,1500,,,,
24.94440722,0,57,9.802891853,54,1560,,,,
24.97653532,0,57,9.102685292,52,1500,,,,
25.00854206,0.340738722,58,8.402478731,50,1560,,,,
25.040416,0,57,8.402478731,50,1560,,,,
25.07273817,0.340738722,58,9.102685292,52,1560,,,,
25.10460711,0.340738722,58,8.752582012,51,1560,,,,
25.13663363,-0.681477443,55,9.102685292,52,1560,,,,
25.16834474,0,57,9.452788573,53,1560,,,,
25.20037532,0,57,8.752582012,51,1560,,,,
25.23240614,0,57,8.402478731,50,1500,,,,
25.26443696,-0.340738722,56,8.402478731,50,1620,,,,
25.29696774,0,57,9.102685292,52,1560,,,,
25.32900667,0,57,9.102685292,52,1560,,,,
25.36052918,0.340738722,58,8.752582012,51,1620,,,,
25.39256954,0,57,8.052375451,49,1560,,,,
25.42483187,0.340738722,58,7.35216889,47,1560,,,,
25.45686293,-0.681477443,55,8.402478731,50,1560,,,,
25.49088883,0.340738722,58,9.102685292,52,1620,,,,
25.53695488,0,57,8.402478731,50,1620,,,,
25.56901741,0.681477443,59,9.452788573,53,1560,,,,
25.61654663,0.340738722,58,8.052375451,49,1560,,,,
25.64903188,0,57,7.70227217,48,1560,,,,
25.68115187,0,57,7.35216889,47,1560,,,,
25.71290064,1.022216165,60,8.752582012,51,1560,,,,
25.74508262,0,57,8.752582012,51,1560,,,,
25.77692389,0,57,9.102685292,52,1560,,,,
25.80907393,0.340738722,58,8.752582012,51,1620,,,,
25.84110212,0,57,10.15299513,55,1560,,,,
25.87316251,0.340738722,58,8.752582012,51,1560,,,,
25.90510464,0,57,8.402478731,50,1560,,,,
25.93720007,0.340738722,58,8.752582012,51,1560,,,,
25.96941733,0.340738722,58,9.802891853,54,1560,,,,
26.00117159,0,57,9.452788573,53,1560,,,,
26.03326821,0,57,9.452788573,53,1560,,,,
26.0651989,0.340738722,58,8.752582012,51,1560,,,,
26.09742475,0,57,8.052375451,49,1560,,,,
26.12921357,-0.681477443,55,8.752582012,51,1560,,,,
26.16132379,0.340738722,58,8.402478731,50,1560,,,,
26.19331622,0,57,8.402478731,50,1560,,,,
26.22548842,0.340738722,58,7.70227217,48,1560,,,,
26.25734043,0.340738722,58,9.102685292,52,1560,,,,
26.28945255,0.340738722,58,9.102685292,52,1560,,,,
26.32232094,0,57,8.752582012,51,1560,,,,
26.3533504,-0.340738722,56,9.802891853,54,1560,,,,
26.38538098,0,57,9.802891853,54,1560,,,,
26.41741228,0,57,9.802891853,54,1560,,,,
26.4494431,-1.022216165,54,9.452788573,53,1500,,,,
26.48122668,0,57,8.052375451,49,1560,,,,
26.51346803,0,57,8.052375451,49,1560,,,,
26.5457921,0,57,9.102685292,52,1560,,,,
26.57757998,0,57,10.50309841,56,1620,,,,
26.60941315,-0.681477443,55,9.102685292,52,1500,,,,
26.64147186,0,57,9.452788573,53,1560,,,,
26.67361188,0,57,8.752582012,51,1560,,,,
26.70565796,0,57,9.102685292,52,1560,,,,
26.73787618,0,57,9.102685292,52,1560,,,,
26.7698319,0,57,8.402478731,50,1500,,,,
26.80189943,0.340738722,58,8.752582012,51,1560,,,,
26.83350539,-0.340738722,56,8.052375451,49,1560,,,,
26.86598849,0,57,9.102685292,52,1560,,,,
26.8977828,0,57,9.102685292,52,1560,,,,
26.92982721,0,57,7.70227217,48,1500,,,,
26.96186399,-0.340738722,56,8.052375451,49,1560,,,,
26.99371028,0,57,8.752582012,51,1560,,,,
27.02591491,-0.681477443,55,8.402478731,50,1620,,,,
27.05771995,0,57,8.052375451,49,1560,,,,
27.08983254,-0.681477443,55,8.052375451,49,1560,,,,
27.12332606,0.340738722,58,8.752582012,51,1620,,,,
27.15416908,-0.340738722,56,8.402478731,50,1560,,,,
27.18584943,0,57,8.052375451,49,1620,,,,
27.21810102,0.340738722,58,8.752582012,51,1560,,,,
27.25007033,-0.681477443,55,9.802891853,54,1560,,,,
27.28262997,0,57,8.752582012,51,1560,,,,
27.31459928,0,57,8.402478731,50,1560,,,,
27.36201119,0,57,8.752582012,51,1560,,,,
27.39454865,0.681477443,59,9.102685292,52,1560,,,,
27.42638469,0,57,9.102685292,52,1560,,,,
27.45821309,0,57,7.35216889,47,1560,,,,
27.49022293,0.681477443,59,9.452788573,53,1560,,,,
27.53776717,-0.340738722,56,9.452788573,53,1560,,,,
27.5703001,0,57,7.35216889,47,1560,,,,
27.60232973,-0.681477443,55,8.052375451,49,1560,,,,
27.63435984,0,57,9.102685292,52,1560,,,,
27.66634011,0,57,8.752582012,51,1560,,,,
27.71422076,0.681477443,59,8.052375451,49,1560,,,,
27.74637294,0,57,9.452788573,53,1500,,,,
27.77865219,0,57,8.752582012,51,1500,,,,
27.81048942,0,57,9.102685292,52,1560,,,,
27.84256268,-0.340738722,56,8.402478731,50,1500,,,,
27.89053893,-0.340738722,56,8.052375451,49,1500,,,,
27.92254901,0,57,9.802891853,54,1560,,,,
27.95465946,0,57,8.752582012,51,1560,,,,
27.98740482,0,57,8.052375451,49,1560,,,,
28.01848865,0,57,8.752582012,51,1620,,,,
28.05048847,0.340738722,58,8.752582012,51,1560,,,,
28.08276033,0.340738722,58,8.052375451,49,1500,,,,
28.11478353,-0.340738722,56,8.752582012,51,1560,,,,
28.14700198,0,57,9.102685292,52,1500,,,,
28.17857289,0,57,8.402478731,50,1560,,,,
28.21079135,0,57,9.102685292,52,1560,,,,
28.24298739,0,57,8.752582012,51,1560,,,,
28.27483606,0.340738722,58,10.85320169,57,1560,,,,
28.30683899,0,57,9.452788573,53,1560,,,,
28.33883739,0,57,8.752582012,51,1560,,,,
28.37089109,0,57,9.452788573,53,1560,,,,
28.40267944,0.681477443,59,9.452788573,53,1560,,,,
28.43503428,0,57,8.402478731,50,1560,,,,
28.46683478,0,57,8.052375451,49,1560,,,,
28.49910665,0,57,8.052375451,49,1500,,,,
28.53097963,0,57,9.102685292,52,1500,,,,
28.56299996,0.340738722,58,9.452788573,53,1500,,,,
28.59501982,0,57,8.402478731,50,1560,,,,
28.62683916,0.340738722,58,9.802891853,54,1560,,,,
28.65912414,0.681477443,59,10.50309841,56,1500,,,,
28.69115424,0.340738722,58,9.102685292,52,1500,,,,
28.72318482,0,57,9.802891853,54,1500,,,,
28.75521517,0,57,10.15299513,55,1560,,,,
28.78774691,0.340738722,58,9.102685292,52,1500,,,,
28.81927681,0.340738722,58,8.752582012,51,1560,,,,
28.8511312,0.681477443,59,9.102685292,52,1560,,,,
28.88303375,0,57,8.752582012,51,1500,,,,
28.9152596,0,57,9.102685292,52,1560,,,,
28.94722724,0,57,8.752582012,51,1560,,,,
28.97943401,0,57,8.052375451,49,1500,,,,
29.01130962,0.340738722,58,9.102685292,52,1560,,,,
29.04315066,0,57,10.15299513,55,1500,,,,
29.07533956,0,57,9.802891853,54,1500,,,,
29.10738087,0,57,9.102685292,52,1500,,,,
29.13952374,0.340738722,58,8.752582012,51,1500,,,,
29.17144775,0.340738722,58,9.102685292,52,1500,,,,
29.203197,0.340738722,58,8.402478731,50,1500,,,,
29.2354424,0.340738722,58,9.452788573,53,1560,,,,
29.26747918,0,57,10.50309841,56,1560,,,,
29.29946685,-0.681477443,55,9.102685292,52,1560,,,,
29.33144379,0,57,8.752582012,51,1560,,,,
29.36333704,-1.022216165,54,8.052375451,49,1500,,,,
29.39558077,0.681477443,59,8.052375451,49,1500,,,,
29.42749858,0,57,10.15299513,55,1560,,,,
29.45939231,0.681477443,59,10.15299513,55,1560,,,,
29.49135685,0,57,7.70227217,48,1560,,,,
29.52381802,0.681477443,59,9.452788573,53,1500,,,,
29.55583215,0,57,8.752582012,51,1500,,,,
29.58936429,0,57,8.752582012,51,1500,,,,
29.61996412,-0.340738722,56,10.15299513,55,1500,,,,
29.65175223,-0.340738722,56,9.802891853,54,1560,,,,
29.68374944,0,57,8.402478731,50,1500,,,,
29.71586919,0,57,8.402478731,50,1560,,,,
29.74765301,0,57,9.452788573,53,1560,,,,
29.77996254,0.681477443,59,8.052375451,49,1500,,,,
29.81194353,0.340738722,58,9.452788573,53,1560,,,,
29.84402108,1.022216165,60,9.102685292,52,1500,,,,
29.87584829,0,57,9.452788573,53,1500,,,,
29.90791941,0,57,8.752582012,51,1500,,,,
29.93991923,0,57,8.752582012,51,1500,,,,
29.97203231,0,57,9.102685292,52,1500,,,,
30.0042789,0,57,9.452788573,53,1560,,,,
30.03608751,0,57,9.102685292,52,1560,,,,
30.06808734,0,57,9.452788573,53,1500,,,,
30.10004711,0,57,10.15299513,55,1500,,,,
30.13210177,0,57,8.752582012,51,1500,,,,
30.16415906,0,57,9.452788573,53,1500,,,,
30.19621921,0,57,9.102685292,52,1500,,,,
30.22822309,0,57,9.452788573,53,1560,,,,
30.2602706,0,57,10.85320169,57,1500,,,,
30.29230857,-0.340738722,56,8.402478731,50,1500,,,,
30.32420373,0,57,8.752582012,51,1560,,,,
30.35649014,-0.681477443,55,7.70227217,48,1500,,,,
30.38926721,-0.340738722,56,9.802891853,54,1500,,,,
30.42053986,0.340738722,58,10.15299513,55,1500,,,,
30.45233464,0,57,9.102685292,52,1500,,,,
30.4844172,0,57,9.452788573,53,1500,,,,
30.51638651,0.340738722,58,9.102685292,52,1560,,,,
30.54843283,0.340738722,58,7.35216889,47,1560,,,,
30.58043075,0,57,9.452788573,53,1560,,,,
30.61245584,-0.340738722,56,9.452788573,53,1560,,,,
30.64451003,0,57,9.102685292,52,1560,,,,
30.67672467,0.681477443,59,9.452788573,53,1560,,,,
30.70857859,0,57,9.102685292,52,1500,,,,
30.7405808,-0.340738722,56,9.452788573,53,1560,,,,
30.77237082,0.340738722,58,9.452788573,53,1500,,,,
30.80470204,0,57,10.15299513,55,1500,,,,
30.83652163,0.681477443,59,10.85320169,57,1500,,,,
30.86835122,0,57,10.85320169,57,1500,,,,
30.90097666,1.362954886,61,8.402478731,50,1500,,,,
30.93285894,-0.681477443,55,8.752582012,51,1500,,,,
30.96459126,0.340738722,58,8.402478731,50,1560,,,,
30.99685574,0,57,10.50309841,56,1560,,,,
31.04476786,0,57,9.802891853,54,1500,,,,
31.07688022,0,57,9.452788573,53,1560,,,,
31.10905313,0.340738722,58,9.452788573,53,1500,,,,
31.14085817,0.340738722,58,10.15299513,55,1560,,,,
31.17286444,0,57,9.802891853,54,1560,,,,
31.22210979,0,57,10.50309841,56,1560,,,,
31.26898909,0,57,7.70227217,48,1560,,,,
31.30092239,0.340738722,58,8.052375451,49,1560,,,,
31.3330133,0.340738722,58,8.402478731,50,1500,,,,
31.36507201,0,57,8.402478731,50,1500,,,,
31.39726043,-0.340738722,56,7.70227217,48,1500,,,,
31.42913032,0.681477443,59,9.802891853,54,1500,,,,
31.46118379,0,57,8.752582012,51,1560,,,,
31.49307466,0.340738722,58,10.85320169,57,1560,,,,
31.52511287,0,57,8.402478731,50,1500,,,,
31.55716777,0,57,7.70227217,48,1560,,,,
31.58919406,0.340738722,58,9.102685292,52,1560,,,,
31.62122679,-0.340738722,56,8.052375451,49,1620,,,,
31.65324378,0,57,9.452788573,53,1500,,,,
31.68524814,0.340738722,58,8.752582012,51,1560,,,,
31.71729732,0,57,8.402478731,50,1500,,,,
31.74911356,0,57,8.752582012,51,1500,,,,
31.78130269,0,57,10.15299513,55,1560,,,,
31.81315899,0,57,9.102685292,52,1500,,,,
31.84503937,-0.340738722,56,9.452788573,53,1500,,,,
31.87733793,0.340738722,58,9.452788573,53,1500,,,,
31.90949273,0.340738722,58,8.402478731,50,1560,,,,
31.94127631,0.340738722,58,9.102685292,52,1560,,,,
31.97334027,0.340738722,58,8.052375451,49,1560,,,,
32.00546908,0.340738722,58,8.402478731,50,1560,,,,
32.03891468,0,57,9.102685292,52,1500,,,,
32.06950974,0,57,10.15299513,55,1500,,,,
32.10151386,0,57,9.102685292,52,1500,,,,
32.13354373,0,57,9.452788573,53,1560,,,,
32.16552114,0.340738722,58,8.402478731,50,1500,,,,
32.19752002,0.340738722,58,8.052375451,49,1500,,,,
32.22961426,0,57,8.402478731,50,1500,,,,
32.26160908,0.340738722,58,8.752582012,51,1560,,,,
32.29363322,-0.681477443,55,9.102685292,52,1500,,,,
32.32633448,0.681477443,59,8.402478731,50,1560,,,,
32.35829377,0.681477443,59,8.052375451,49,1500,,,,
32.39079475,-0.681477443,55,8.052375451,49,1560,,,,
32.42247462,0.340738722,58,8.052375451,49,1560,,,,
32.46976137,0.681477443,59,8.402478731,50,1500,,,,
32.50220966,0,57,8.052375451,49,1500,,,,
32.5345304,0.681477443,59,9.102685292,52,1560,,,,
32.56668711,0,57,7.70227217,48,1560,,,,
32.61358404,-0.681477443,55,9.102685292,52,1560,,,,
32.64636254,-0.340738722,56,9.452788573,53,1560,,,,
32.67853189,0,57,9.452788573,53,1500,,,,
32.71072197,0,57,9.102685292,52,1560,,,,
32.74245405,0.340738722,58,9.102685292,52,1560,,,,
32.79004955,0,57,8.052375451,49,1500,,,,
32.82281232,0,57,9.452788573,53,1560,,,,
32.85454035,0,57,8.402478731,50,1560,,,,
32.88997698,0.681477443,59,8.052375451,49,1560,,,,
32.93394279,0,57,8.052375451,49,1560,,,,
32.96647143,0.681477443,59,8.752582012,51,1560,,,,
32.99813461,0,57,7.002065609,46,1560,,,,
33.03058887,0,57,8.052375451,49,1500,,,,
33.06223345,-0.340738722,56,9.452788573,53,1500,,,,
33.09420705,0,57,10.50309841,56,1500,,,,
33.12627697,0.340738722,58,8.402478731,50,1560,,,,
33.15832901,0,57,8.052375451,49,1560,,,,
33.19040871,0,57,8.052375451,49,1560,,,,
33.22237921,0,57,9.102685292,52,1560,,,,
33.2543025,0,57,8.752582012,51,1500,,,,
33.28640556,-0.340738722,56,9.452788573,53,1560,,,,
33.31843209,-0.340738722,56,9.102685292,52,1560,,,,
33.35022473,0,57,9.452788573,53,1560,,,,
33.38252354,0.340738722,58,9.102685292,52,1560,,,,
33.41448283,0.340738722,58,8.052375451,49,1560,,,,
33.4465661,-0.340738722,56,8.752582012,51,1560,,,,
33.47869682,-0.681477443,55,9.102685292,52,1560,,,,
33.51051545,0,57,9.452788573,53,1560,,,,
33.54251623,0,57,9.802891853,54,1560,,,,
33.57477117,0,57,9.802891853,54,1500,,,,
33.60667706,0,57,8.402478731,50,1500,,,,
33.63869286,0,57,8.752582012,51,1500,,,,
33.67063236,0.340738722,58,9.102685292,52,1500,,,,
33.70374799,0,57,8.052375451,49,1560,,,,
33.73473525,0,57,9.102685292,52,1560,,,,
33.76692438,0.681477443,59,8.752582012,51,1560,,,,
33.79886842,0,57,8.402478731,50,1500,,,,
33.8308239,0,57,8.402478731,50,1560,,,,
33.86254406,-0.340738722,56,8.052375451,49,1560,,,,
33.89469004,0,57,7.70227217,48,1500,,,,
33.92703724,0,57,8.052375451,49,1560,,,,
33.95882249,0,57,8.752582012,51,1560,,,,
33.9908545,0.340738722,58,9.452788573,53,1560,,,,
34.0228281,0,57,8.402478731,50,1500,,,,
34.0547328,0,57,8.752582012,51,1560,,,,
34.08699536,0.340738722,58,9.452788573,53,1560,,,,
34.11902523,0,57,9.802891853,54,1500,,,,
34.1510756,0,57,9.452788573,53,1560,,,,
34.18301845,0.340738722,58,7.70227217,48,1500,,,,
34.21526623,0,57,8.052375451,49,1560,,,,
34.24678421,0,57,8.402478731,50,1560,,,,
34.27898335,0,57,10.15299513,55,1560,,,,
34.31085038,0,57,9.102685292,52,1560,,,,
34.34317136,-0.681477443,55,9.452788573,53,1500,,,,
34.37515306,0,57,8.052375451,49,1500,,,,
34.40715456,-0.340738722,56,7.70227217,48,1500,,,,
34.43917894,0,57,8.752582012,51,1560,,,,
34.47130871,0,57,8.402478731,50,1500,,,,
34.50427747,0,57,11.20330497,58,1500,,,,
34.53527164,0.681477443,59,9.102685292,52,1560,,,,
34.56741452,0.340738722,58,7.70227217,48,1560,,,,
34.59935069,0,57,7.70227217,48,1560,,,,
34.63155532,0,57,7.70227217,48,1500,,,,
34.66340613,0,57,9.102685292,52,1560,,,,
34.69543338,0.340738722,58,9.102685292,52,1560,,,,
34.72740483,0,57,8.752582012,51,1560,,,,
34.75939417,0.340738722,58,8.402478731,50,1560,,,,
34.7914834,0,57,8.052375451,49,1500,,,,
34.82353377,0,57,8.052375451,49,1560,,,,
34.85550737,0,57,8.752582012,51,1560,,,,
34.90361047,0,57,7.35216889,47,1560,,,,
34.93556285,0,57,9.102685292,52,1500,,,,
34.96763206,0,57,9.802891853,54,1500,,,,
34.99964237,-0.681477443,55,9.102685292,52,1500,,,,
35.03149199,0,57,9.452788573,53,1560,,,,
35.06361699,0,57,8.752582012,51,1560,,,,
35.09559989,0,57,7.70227217,48,1560,,,,
35.12772369,0.340738722,58,8.752582012,51,1560,,,,
35.15975571,0.340738722,58,9.452788573,53,1500,,,,
35.19189358,0.340738722,58,10.15299513,55,1560,,,,
35.22394753,0,57,8.402478731,50,1560,,,,
35.25600266,-0.340738722,56,9.102685292,52,1560,,,,
35.28793955,0,57,8.402478731,50,1500,,,,
35.32076025,0,57,7.70227217,48,1500,,,,
35.3517673,0.340738722,58,8.752582012,51,1560,,,,
35.38379598,0,57,8.752582012,51,1500,,,,
35.43184972,0.340738722,58,8.752582012,51,1560,,,,
35.46396804,0,57,9.102685292,52,1500,,,,
35.49627137,0,57,8.752582012,51,1500,,,,
35.52819538,0,57,9.802891853,54,1500,,,,
35.56002688,0.340738722,58,8.752582012,51,1500,,,,
35.60804176,0,57,8.052375451,49,1560,,,,
35.64006066,1.022216165,60,9.102685292,52,1500,,,,
35.67233229,0.340738722,58,9.452788573,53,1560,,,,
35.70409465,0,57,8.052375451,49,1560,,,,
35.73615074,0,57,7.70227217,48,1560,,,,
35.78418279,0,57,9.452788573,53,1560,,,,
35.81636548,0,57,9.102685292,52,1500,,,,
35.84842396,-0.340738722,56,9.102685292,52,1500,,,,
35.88020015,-0.340738722,56,7.70227217,48,1560,,,,
35.9125104,0,57,8.752582012,51,1500,,,,
35.96030688,-0.340738722,56,8.752582012,51,1560,,,,
35.99254608,0.340738722,58,10.50309841,56,1500,,,,
36.02438712,0,57,9.802891853,54,1560,,,,
36.05637884,0.340738722,58,9.102685292,52,1500,,,,
36.08841014,-0.340738722,56,8.752582012,51,1500,,,,
36.12040043,-0.340738722,56,9.452788573,53,1500,,,,
36.15249228,-0.681477443,55,9.452788573,53,1500,,,,
36.1859591,0.340738722,58,10.85320169,57,1500,,,,
36.21657181,0,57,10.15299513,55,1500,,,,
36.24834037,0,57,10.15299513,55,1500,,,,
36.28051448,0,57,9.102685292,52,1500,,,,
36.31233573,0.340738722,58,9.802891853,54,1500,,,,
36.34456587,0,57,10.50309841,56,1500,,,,
36.37656355,0,57,9.452788573,53,1500,,,,
36.40846443,0,57,8.752582012,51,1560,,,,
36.44070029,0,57,10.15299513,55,1500,,,,
36.47264338,-0.340738722,56,9.452788573,53,1500,,,,
36.50451589,0,57,8.752582012,51,1560,,,,
36.53675342,0,57,9.102685292,52,1500,,,,
36.56868911,-0.340738722,56,8.752582012,51,1500,,,,
36.60056043,0,57,9.452788573,53,1560,,,,
36.632658,0.340738722,58,9.452788573,53,1560,,,,
36.66483212,0,57,9.102685292,52,1500,,,,
36.69698644,0,57,9.102685292,52,1560,,,,
36.72895169,0,57,10.85320169,57,1560,,,,
36.76059628,0.340738722,58,10.15299513,55,1500,,,,
36.79305029,0,57,9.802891853,54,1500,,,,
36.82493877,-0.340738722,56,9.802891853,54,1500,,,,
36.85713983,0.681477443,59,8.752582012,51,1560,,,,
36.88879132,0,57,10.15299513,55,1560,,,,
36.92103577,-0.340738722,56,8.402478731,50,1500,,,,
36.95301723,0.340738722,58,8.752582012,51,1560,,,,
37.00236368,0.681477443,59,7.70227217,48,1560,,,,
37.04904246,0,57,9.102685292,52,1560,,,,
37.08079553,0,57,7.35216889,47,1500,,,,
37.11300468,0,57,8.402478731,50,1560,,,,
37.14513183,0,57,9.452788573,53,1560,,,,
37.17713499,0,57,9.802891853,54,1500,,,,
37.20920086,0,57,9.452788573,53,1500,,,,
37.24125171,0,57,9.102685292,52,1500,,,,
37.27329111,0,57,8.402478731,50,1500,,,,
37.30530453,0,57,8.402478731,50,1500,,,,
37.33733368,0.340738722,58,9.452788573,53,1500,,,,
37.36930966,0,57,8.752582012,51,1560,,,,
37.40131664,0,57,9.102685292,52,1560,,,,
37.43332434,-0.340738722,56,7.70227217,48,1560,,,,
37.46534038,0.340738722,58,7.35216889,47,1560,,,,
37.49751306,1.022216165,60,8.052375451,49,1500,,,,
37.52946424,0,57,11.20330497,58,1500,,,,
37.56146288,0,57,9.452788573,53,1500,,,,
37.59342766,0.340738722,58,9.802891853,54,1500,,,,
37.62542319,0,57,8.752582012,51,1500,,,,
37.6575253,0,57,8.752582012,51,1500,,,,
37.68957138,0,57,9.452788573,53,1500,,,,
37.72155023,-0.681477443,55,9.452788573,53,1560,,,,
37.75364256,0,57,9.452788573,53,1560,,,,
37.78564429,0,57,9.102685292,52,1560,,,,
37.8188653,-0.340738722,56,8.052375451,49,1560,,,,
37.84972262,0,57,8.052375451,49,1560,,,,
37.88164973,0,57,9.452788573,53,1560,,,,
37.91390681,0,57,8.052375451,49,1560,,,,
37.94560695,0,57,9.802891853,54,1560,,,,
37.9776485,0,57,9.452788573,53,1560,,,,
38.0098691,0,57,9.452788573,53,1560,,,,
38.04186082,0.340738722,58,8.052375451,49,1500,,,,
38.07386446,0.340738722,58,7.70227217,48,1500,,,,
38.10588574,0,57,10.50309841,56,1560,,,,
38.13793182,0.340738722,58,9.102685292,52,1560,,,,
38.16989851,0,57,9.452788573,53,1560,,,,
38.2020123,0,57,9.802891853,54,1500,,,,
38.23401642,0,57,9.102685292,52,1560,,,,
38.26607728,0.340738722,58,8.402478731,50,1560,,,,
38.29824042,0,57,9.102685292,52,1560,,,,
38.33038688,0.681477443,59,8.752582012,51,1560,,,,
38.36206651,0,57,10.15299513,55,1560,,,,
38.39384556,0,57,9.102685292,52,1500,,,,
38.42614841,0.340738722,58,9.452788573,53,1560,,,,
38.45819759,0.340738722,58,7.70227217,48,1500,,,,
38.49017549,-0.340738722,56,9.102685292,52,1500,,,,
38.52219963,-0.681477443,55,9.802891853,54,1500,,,,
38.55422735,0.681477443,59,10.50309841,56,1500,,,,
38.58620858,1.022216165,60,8.402478731,50,1560,,,,
38.61953259,0.340738722,58,8.752582012,51,1500,,,,
38.65019655,0,57,7.35216889,47,1560,,,,
38.68242168,0,57,8.752582012,51,1500,,,,
38.71451473,0,57,9.102685292,52,1500,,,,
38.74629498,0.340738722,58,8.752582012,51,1560,,,,
38.77838182,0,57,9.102685292,52,1560,,,,
38.81041145,-0.681477443,55,9.452788573,53,1560,,,,
38.84245229,0.340738722,58,8.752582012,51,1560,,,,
38.87445879,0,57,9.452788573,53,1560,,,,
38.90646791,0,57,8.402478731,50,1560,,,,
38.93851542,-0.340738722,56,9.802891853,54,1560,,,,
38.97058415,0.340738722,58,10.15299513,55,1560,,,,
39.00259876,0,57,10.50309841,56,1560,,,,
39.03434777,0,57,7.70227217,48,1560,,,,
39.06666303,0,57,8.402478731,50,1500,,,,
39.09859776,-0.681477443,55,9.102685292,52,1560,,,,
39.13040376,0,57,8.752582012,51,1560,,,,
39.16283798,0,57,9.802891853,54,1560,,,,
39.19467878,0,57,9.802891853,54,1560,,,,
39.22663045,0.340738722,58,10.15299513,55,1560,,,,
39.25869894,0.681477443,59,8.402478731,50,1620,,,,
39.29057813,0.340738722,58,9.102685292,52,1560,,,,
39.32272553,0.340738722,58,9.102685292,52,1500,,,,
39.35480762,0,57,9.452788573,53,1560,,,,
39.386796,0,57,9.802891853,54,1560,,,,
39.4201932,0.340738722,58,10.15299513,55,1560,,,,
39.46677399,0,57,9.102685292,52,1560,,,,
39.49861312,0,57,9.452788573,53,1560,,,,
39.530725,0,57,9.802891853,54,1500,,,,
39.56301808,0,57,8.752582012,51,1560,,,,
39.59494185,0,57,8.402478731,50,1620,,,,
39.62696552,0.340738722,58,9.102685292,52,1560,,,,
39.65892768,0,57,8.402478731,50,1560,,,,
39.69073653,0.340738722,58,8.402478731,50,1560,,,,
39.72301817,0,57,9.802891853,54,1560,,,,
39.75503635,0,57,8.402478731,50,1560,,,,
39.78704786,0,57,8.052375451,49,1500,,,,
39.81898761,0.340738722,58,8.752582012,51,1560,,,,
39.85079408,0.340738722,58,9.802891853,54,1560,,,,
39.88315845,0,57,9.452788573,53,1560,,,,
39.91524339,0.340738722,58,9.802891853,54,1560,,,,
39.94716048,0,57,9.102685292,52,1500,,,,
39.97922134,0.340738722,58,7.70227217,48,1560,,,,
40.01140666,0,57,8.752582012,51,1560,,,,
40.0432539,0,57,8.052375451,49,1560,,,,
40.07528806,0.340738722,58,9.102685292,52,1560,,,,
40.10724258,-0.340738722,56,8.402478731,50,1560,,,,
40.13929224,0,57,8.752582012,51,1560,,,,
40.17131853,0.340738722,58,7.70227217,48,1560,,,,
40.20338702,0,57,8.752582012,51,1560,,,,
40.23674297,0,57,8.752582012,51,1560,,,,
40.26731777,0.681477443,59,9.102685292,52,1500,,,,
40.29946542,0,57,9.452788573,53,1560,,,,
40.33126378,-0.340738722,56,8.752582012,51,1560,,,,
40.36362982,0,57,8.402478731,50,1560,,,,
40.39544034,0,57,8.402478731,50,1500,,,,
40.42760706,0.340738722,58,9.102685292,52,1560,,,,
40.45974231,0,57,9.452788573,53,1560,,,,
40.49154687,0,57,10.85320169,57,1560,,,,
40.52357125,0,57,9.452788573,53,1560,,,,
40.5556519,0.340738722,58,9.102685292,52,1560,,,,
40.587569,0.340738722,58,8.402478731,50,1560,,,,
40.61958313,0.340738722,58,8.052375451,49,1560,,,,
40.65189767,0,57,8.752582012,51,1560,,,,
40.68381929,0,57,8.752582012,51,1500,,,,
40.71589446,0,57,9.802891853,54,1500,,,,
40.7477026,0,57,8.752582012,51,1560,,,,
40.77983546,0,57,8.402478731,50,1500,,,,
40.81183696,0,57,7.70227217,48,1500,,,,
40.84383917,0,57,7.70227217,48,1560,,,,
40.87586236,0,57,9.802891853,54,1560,,,,
40.90789127,-0.681477443,55,9.452788573,53,1560,,,,
40.93980575,0,57,9.802891853,54,1560,,,,
40.97187567,0,57,10.15299513,55,1560,,,,
41.00394344,0.340738722,58,9.102685292,52,1560,,,,
41.03756762,0,57,8.052375451,49,1560,,,,
41.08403778,0.340738722,58,8.752582012,51,1560,,,,
41.1160171,0,57,9.102685292,52,1500,,,,
41.14825678,0,57,8.752582012,51,1560,,,,
41.17989612,0,57,8.052375451,49,1560,,,,
41.21208596,0,57,10.50309841,56,1500,,,,
41.24420214,0,57,10.50309841,56,1500,,,,
41.27612305,0.340738722,58,10.15299513,55,1500,,,,
41.30831671,0,57,8.752582012,51,1500,,,,
41.34038329,0,57,8.052375451,49,1560,,,,
41.38822103,-0.340738722,56,8.402478731,50,1500,,,,
41.42021132,0,57,9.102685292,52,1560,,,,
41.45223999,0,57,10.15299513,55,1560,,,,
41.48435521,0.340738722,58,9.802891853,54,1560,,,,
41.51633763,0,57,9.102685292,52,1560,,,,
41.56422186,0,57,8.402478731,50,1560,,,,
41.59632039,0.681477443,59,8.752582012,51,1500,,,,
41.62855053,0.340738722,58,9.452788573,53,1560,,,,
41.66062546,-0.340738722,56,10.15299513,55,1560,,,,
41.69255686,0,57,10.15299513,55,1560,,,,
41.74010491,0,57,9.102685292,52,1500,,,,
41.7725184,1.022216165,60,9.452788573,53,1560,,,,
41.80454588,0.340738722,58,9.102685292,52,1560,,,,
41.83664131,0,57,8.402478731,50,1560,,,,
41.86857438,-0.340738722,56,8.052375451,49,1560,,,,
