Time Since Start, Startboard, Port, Front, Back, RPM 
14.72053814,25,83,92,1,7620
14.751791,25,85,69,1,7620
14.78306794,25,84,84,1,7620
14.81432295,24,83,87,1,7620
14.84557533,25,82,68,0,7500
14.87682486,25,84,90,1,7740
14.90810084,25,83,81,1,7740
14.93935275,25,85,69,2,7620
14.97060442,25,82,91,0,7620
15.001858,25,84,73,1,7620
15.0331099,25,83,75,1,7620
15.06436348,25,85,92,1,7620
15.09561539,24,83,69,1,7620
15.12684393,25,82,83,1,7740
15.15812111,25,84,87,1,7620
15.18937302,26,83,68,1,7620
15.22062564,25,84,88,1,7620
15.25187826,26,81,80,1,7620
15.28317261,25,84,70,2,7740
15.33006263,25,83,92,1,7620
15.34573412,25,85,74,2,7740
15.39257216,25,82,76,1,7920
15.42389154,25,84,92,1,7620
15.45511961,26,84,68,1,7620
15.48651719,27,85,82,1,7620
15.5177722,25,83,87,1,7620
15.5490222,25,83,68,1,7740
15.58022785,25,84,88,1,7620
15.61150312,25,83,82,1,7620
15.64275861,25,84,69,1,7740
15.67403173,25,81,92,0,7620
15.70528483,25,85,74,2,7740
15.73653698,25,83,75,1,7620
15.76779151,25,86,92,1,7740
15.79904246,25,82,69,2,7740
15.83027482,24,83,82,0,7740
15.86154795,25,84,88,1,7620
15.89277744,25,84,68,2,7620
15.92405248,25,83,88,1,7740
15.95530486,25,82,81,0,7740
16.00216198,25,84,69,2,7740
16.033391,25,83,92,1,7620
16.06464291,25,84,75,1,7740
16.09592009,25,81,75,0,7740
16.12717009,25,85,91,1,7620
16.15839696,25,83,69,1,7740
16.18969846,25,85,81,1,7620
16.2209518,25,83,88,0,7620
16.25220394,26,83,68,1,7620
16.28355193,25,84,88,1,7620
16.31480622,25,84,83,1,7620
16.34605765,25,83,69,1,7620
16.37728596,25,83,93,0,7620
16.40854049,25,84,76,1,7740
16.43981528,25,83,76,1,7620
16.47106671,25,85,93,1,7740
16.50231957,25,82,69,0,7740
16.53357244,25,84,82,1,7740
16.56482601,25,84,89,1,7620
16.59605026,25,84,69,1,7740
16.64290881,26,82,88,1,7740
16.65856028,25,83,83,1,7740
16.7054143,26,84,69,1,7740
16.736691,25,83,93,1,7620
16.76794553,25,84,76,1,7920
16.79921865,25,80,75,0,7620
16.83056808,25,85,92,1,7920
16.86180019,25,82,70,1,7740
16.893049,25,85,81,1,7740
16.9243257,26,82,88,0,7740
16.95557785,25,84,68,1,7620
16.98683071,25,85,87,1,7740
17.0180552,25,84,83,1,7740
17.04933596,25,83,69,1,7740
17.08058834,25,82,92,0,7620
17.11182237,26,84,75,2,7740
17.14307523,25,83,74,1,7740
17.17434525,25,84,92,2,7740
17.20559812,25,81,69,1,7620
17.23685169,25,84,80,1,7740
17.26808333,25,83,89,1,7620
17.31493235,26,85,68,2,7620
17.34619164,25,82,87,1,7740
17.37746572,25,83,83,1,7620
17.40871787,26,85,68,2,7620
17.43995237,25,83,92,1,7740
17.47124577,25,84,76,1,7740
17.50249863,25,81,73,1,7740
17.53374982,25,84,91,1,7740
17.5650022,25,83,71,1,7620
17.59625506,25,85,80,1,7740
17.62748337,25,82,88,1,7620
17.65873885,25,84,67,1,7620
17.6899929,25,85,87,1,7740
17.72121739,25,85,84,1,7620
17.75246811,25,83,69,1,7620
17.78371763,25,82,92,0,7620
17.81497097,26,84,77,1,7620
17.84622312,26,82,74,1,7740
17.87747574,26,85,93,1,7620
17.9087677,25,82,71,1,7740
17.95561337,25,84,80,0,7740
17.98686671,25,83,90,1,7620
18.01811981,25,85,69,1,7620
18.0493741,25,82,87,1,7740
18.08066964,25,83,83,1,7740
18.11192131,26,85,67,1,7740
18.14315057,25,83,92,1,7740
18.17438245,25,84,77,1,7620
18.20567942,25,81,74,1,7620
18.23688149,25,85,93,1,7620
18.26813316,25,83,70,1,7620
18.29938507,25,85,80,1,7740
18.33063745,25,82,90,0,7740
18.36188984,25,83,68,1,7740
18.39317942,25,84,86,1,7740
18.42439532,25,85,84,1,7620
18.45569634,25,83,69,1,7500
18.48695183,25,82,92,0,7620
18.51820564,25,85,77,1,7620
18.54945827,25,83,73,1,7620
18.5807097,25,84,93,1,7620
18.62753868,25,81,71,1,7740
18.65881824,25,85,80,1,7740
18.69005466,26,83,90,1,7740
18.72132587,26,86,68,2,7740
18.752599,25,82,87,1,7620
18.78385115,25,82,84,1,7620
18.81510377,25,84,68,2,7620
18.84635663,25,84,91,1,7740
18.87758827,26,83,77,1,7620
18.90883803,25,82,74,1,7500
18.94011378,25,84,93,1,7740
18.97131872,26,83,72,2,7620
19.00257063,25,86,79,1,7620
19.03382015,25,82,91,0,7740
19.06507087,26,84,68,1,7620
19.09632444,25,84,87,1,7620
19.12757635,25,85,85,1,7620
19.15886688,25,83,68,1,7740
19.19011021,25,82,90,1,7740
19.23699164,25,84,78,1,7740
19.25263953,25,83,73,1,7620
19.29946828,25,84,93,1,7620
19.33075023,25,81,72,1,7620
19.36200047,25,84,78,1,7740
19.39322853,25,83,91,1,7620
19.42448092,25,85,67,2,7620
19.45578432,24,82,85,1,7740
19.48703313,25,82,85,0,7620
19.51828527,24,84,69,2,7620
19.54951787,25,84,91,1,7620
19.58079267,25,84,79,1,7740
19.61199784,25,81,73,1,7620
19.64325905,25,84,92,1,7620
19.67450237,25,84,72,2,7740
19.70580149,25,86,79,1,7740
19.73705387,25,82,92,1,7740
19.76828718,25,84,68,1,7740
19.79951167,25,84,85,1,7740
19.83081102,25,84,86,2,7620
19.86206365,25,83,67,1,7620
19.90889215,25,82,91,0,7740
19.94015455,25,85,78,1,7620
19.98702574,25,83,72,1,7740
20.01827431,25,85,93,2,7620
20.04952645,25,82,71,1,7620
20.08077908,26,84,78,2,7620
20.1120317,25,84,91,2,7740
20.14328408,25,85,68,1,7620
20.17457557,25,82,86,1,7620
20.20584083,25,82,86,0,7620
20.23709345,25,85,69,1,7620
20.26834655,25,83,92,1,7740
20.29958177,25,85,79,2,7740
20.33085132,25,82,71,1,7620
20.36210322,25,84,93,1,7740
20.39336038,26,84,72,1,7740
20.42458487,27,85,78,1,7620
20.45586181,25,82,91,1,7620
20.48711467,25,82,68,1,7620
20.51836729,25,85,86,1,7620
20.5651958,25,83,85,1,7620
20.59647679,25,84,68,2,7740
20.627707,26,81,91,1,7740
20.6589582,25,84,80,1,7740
20.69021177,25,84,71,1,7500
20.72150779,25,85,93,1,7620
20.75276327,25,82,73,1,7620
20.78401303,25,82,78,1,7620
20.81526637,25,84,92,1,7740
20.84651804,25,82,69,1,7620
20.87777233,25,83,85,1,7620
20.90902352,25,81,86,0,7740
20.94023037,25,85,67,2,7620
20.97152853,26,83,90,1,7740
21.0027833,24,86,79,2,7620
21.03403425,25,82,72,0,7740
21.06528568,25,83,93,0,7740
21.09653854,25,84,72,2,7740
21.12779427,25,83,77,1,7620
21.15899491,25,83,91,1,7620
21.19024467,25,81,69,1,7620
21.22149634,25,85,85,1,7620
21.2527492,25,83,85,2,7740
21.28400111,25,85,68,2,7740
21.3309176,26,82,90,1,7740
21.36216974,25,84,80,1,7620
21.39341712,24,84,71,2,7740
21.42466593,26,84,92,1,7620
21.45594239,25,82,73,1,7620
21.48719573,25,81,77,0,7620
21.5184474,25,84,92,1,7620
21.54970026,25,84,69,1,7500
21.58095264,25,85,85,2,7620
21.61220431,25,82,87,0,7740
21.64343905,25,84,68,1,7620
21.67469072,25,84,89,0,7920
21.70596218,25,85,80,2,7740
21.73721528,25,82,71,1,7740
21.76846766,25,82,92,1,7620
21.799721,25,84,74,1,7620
21.84657812,25,83,77,1,7620
21.87780499,25,85,92,1,7620
21.90908289,25,81,68,1,7740
21.94030666,25,84,84,1,7740
21.97161007,25,84,86,1,7620
22.00286174,25,85,68,1,7620
22.0341146,25,82,89,1,7740
22.0653677,25,82,80,0,7740
22.09662008,26,85,70,1,7740
22.12787271,25,83,91,1,7740
22.15910029,25,84,73,1,7620
22.1903708,25,81,76,0,7740
22.22162962,25,84,91,1,7620
22.25288248,25,84,69,2,7620
22.28413486,25,85,83,2,7620
22.31538677,25,82,87,1,7620
22.34659195,25,82,68,1,7620
22.37784028,26,85,90,1,7620
22.40909266,25,83,82,1,7740
22.44034457,25,84,69,1,7740
22.47159719,26,81,92,0,7620
22.50288725,26,85,74,2,7740
22.54973173,25,84,76,1,7740
22.5809927,25,85,92,2,7620
22.61225295,25,82,69,1,7740
22.64353943,26,83,84,1,7620
22.67476726,25,85,87,1,7620
22.70602465,25,84,68,1,7620
22.73729539,25,83,89,1,7500
22.7685492,25,81,81,0,7620
22.79980373,25,84,70,1,7740
22.83105397,25,83,93,1,7620
22.86230588,25,86,74,2,7620
22.89355874,24,82,75,1,7620
22.92479515,25,84,91,1,7740
22.95602036,25,84,69,1,7740
22.98731661,25,84,82,1,7620
23.01856852,25,83,87,1,7620
23.04982424,25,81,68,0,7620
23.081074,25,85,89,1,7740
23.1123271,25,83,81,1,7620
23.15915537,25,85,69,2,7740
23.1904366,25,82,93,1,7620
23.221668,25,84,74,1,7620
23.2529192,25,85,75,1,7740
23.28421497,25,84,92,1,7620
23.31546783,25,83,68,1,7740
23.3467207,26,81,83,0,7740
23.37797308,25,85,88,1,7740
23.40920258,25,83,68,2,7620
23.44045401,25,85,89,1,7740
23.47173047,24,82,82,1,7620
23.50298333,25,84,70,1,7740
23.53423572,25,85,92,1,7740
23.56548834,25,84,76,1,7620
23.59674025,25,83,75,1,7620
23.62799311,26,81,93,0,7620
23.65922618,25,85,64,2,7740
23.69047427,25,83,82,1,7620
23.72175145,25,85,88,2,7740
23.75300288,25,82,68,1,7620
23.79983187,25,83,89,1,7740
23.83111286,25,85,82,2,7740
23.86235642,25,84,70,1,7620
23.89359689,25,83,93,1,7620
23.92487311,25,82,75,1,7740
23.95612216,25,84,75,1,7740
23.98739791,25,83,92,1,7620
24.01864982,25,85,69,1,7740
24.0499022,25,81,81,0,7620
24.08115625,25,83,88,0,7620
24.11240721,25,84,68,2,7620
24.14366007,25,85,88,1,7620
24.17491269,25,83,83,1,7620
24.20614433,25,81,69,1,7620
24.2374177,26,84,92,1,7620
24.26867008,25,84,74,1,7620
24.29992223,25,85,74,1,7620
24.33117533,26,81,92,1,7740
24.362427,25,83,70,2,7740
24.39367938,25,85,81,1,7620
24.44052815,25,84,89,2,7620
24.47177386,25,82,68,2,7620
24.50302601,25,82,87,0,7500
24.53427362,26,85,83,2,7740
24.56556988,25,83,69,1,7620
24.59682536,25,85,92,2,7740
24.62807369,25,81,75,1,7620
24.65930796,25,83,75,1,7740
24.69055533,25,85,92,1,7620
24.7218318,26,85,70,1,7740
24.75308394,26,83,81,0,7740
24.78433704,25,82,90,1,7740
24.81558895,25,85,68,1,7620
24.84684181,25,83,87,1,7620
24.87809491,25,84,83,1,7620
24.90934658,26,81,68,1,7620
24.94057512,25,84,91,1,7620
24.97185135,25,83,76,1,7740
25.00310469,25,85,75,2,7740
25.03435802,25,83,92,1,7620
25.08121634,25,82,70,1,7740
25.0968616,25,85,81,2,7740
25.14370012,25,83,89,1,7620
25.17496943,25,84,68,1,7740
25.20620036,25,81,87,0,7740
25.23750043,25,85,83,1,7740
25.26875067,25,84,69,1,7620
25.30000305,25,86,93,1,7620
25.33125663,25,83,76,1,7740
25.36250901,25,82,73,0,7740
25.39376092,26,85,92,1,7740
25.42498994,25,83,70,1,7620
25.4562428,25,83,80,1,7620
25.48751879,25,81,89,1,7620
25.51877117,25,85,68,2,7740
25.55002356,26,83,87,1,7620
25.58127713,25,85,83,1,7620
25.61252832,25,83,68,1,7740
25.64378381,25,83,91,1,7740
25.67501068,25,85,76,2,7620
25.70626354,24,83,74,1,7620
25.75311565,25,84,93,1,7620
25.78438258,25,81,70,0,7740
25.81562948,25,84,79,1,7740
25.84687972,25,85,90,1,7740
25.87817502,25,85,68,1,7620
25.90942812,25,82,85,1,7740
25.94065619,25,83,84,1,7740
25.97192621,26,84,68,1,7620
26.00318527,25,85,91,2,7740
26.03443813,25,84,76,1,7740
26.06569099,25,82,74,0,7740
26.09694386,25,84,92,1,7620
26.12819529,26,83,71,1,7620
26.15944743,25,84,80,1,7620
26.19070029,25,82,90,1,7740
26.22193146,26,84,69,1,7740
26.2532053,25,84,86,1,7620
26.2844584,25,84,85,1,7500
26.31570983,25,83,63,1,7620
26.34696412,24,82,92,0,7740
26.39379215,26,84,78,1,7620
26.42504787,25,83,74,1,7740
26.45632601,25,85,93,1,7620
26.48755741,26,82,71,1,7620
26.51885176,25,84,80,1,7620
26.55010486,25,84,91,1,7620
26.58135891,27,84,68,1,7740
26.6126101,25,83,85,1,7740
26.64386153,25,82,85,0,7620
26.67509532,25,85,69,2,7740
26.70634341,25,83,91,1,7740
26.73759818,25,84,78,2,7620
26.76887155,25,82,73,0,7920
26.80012536,26,84,93,1,7620
26.83137774,25,84,72,1,7740
26.86262989,25,85,80,1,7620
26.89388347,25,82,90,1,7620
26.9251349,25,82,67,0,7620
26.95636368,25,85,86,1,7620
26.98764038,25,83,85,1,7620
27.03447318,25,84,68,2,7620
27.06572461,25,81,91,0,7740
27.096982,25,85,78,1,7740
27.12823343,25,83,73,1,7740
27.15953374,25,85,93,2,7620
27.19075847,25,82,72,2,7740
27.2220099,25,82,78,1,7620
27.25328684,25,84,90,1,7620
27.28453851,25,83,68,2,7740
27.31579375,25,84,86,1,7740
27.34704399,26,81,85,0,7740
27.37829685,26,85,67,2,7500
27.40953135,24,83,91,1,7620
27.44075727,25,84,78,2,7620
27.47203112,25,82,73,1,7620
27.50330639,25,83,93,1,7620
27.53455997,25,85,72,2,7740
27.56581283,25,84,80,1,7500
27.5970645,25,83,92,1,7740
27.62831736,25,81,69,1,7740
27.67515016,25,85,85,1,7620
27.69078422,25,83,85,1,7620
27.73765111,25,85,68,2,7740
27.76891136,25,82,91,1,7620
27.80016184,25,83,79,1,7500
27.83145857,25,85,73,1,7740
27.86271048,25,85,93,1,7920
27.89396262,25,82,72,1,7620
27.92521548,25,82,79,0,7740
27.95644498,25,84,92,1,7740
27.98767686,25,83,69,1,7620
28.01895046,25,85,85,1,7620
28.05022287,25,82,85,1,7740
28.0814755,25,84,67,1,7500
28.11273146,25,85,90,1,7740
28.14398336,25,85,80,2,7620
28.17523575,25,83,72,1,7620
28.20648837,26,82,92,0,7620
28.23771954,25,85,73,2,7740
28.26899362,25,83,78,1,7740
28.30024648,25,85,91,2,7740
28.34707499,25,82,68,1,7620
28.37833142,25,85,86,1,7500
28.40958834,25,84,86,1,7620
28.44084048,25,85,69,1,7620
28.4721117,26,83,91,1,7620
28.50338745,25,82,79,0,7620
28.53464007,25,85,72,1,7740
28.56589341,25,83,91,1,7620
28.59714603,24,84,73,1,7620
28.62839913,26,81,77,0,7740
28.65964961,25,84,91,1,7620
28.69090319,25,84,68,1,7740
28.72213125,25,85,85,1,7620
28.75340796,25,83,85,1,7620
28.78466153,25,81,68,1,7740
28.81591415,26,85,90,1,7620
28.84716487,25,83,79,1,7740
28.87841845,26,84,70,1,7620
28.90967059,25,81,92,0,7620
28.94090652,25,84,73,1,7620
28.98775172,25,84,78,1,7620
29.01900911,25,85,91,2,7620
29.06588364,27,82,69,1,7740
29.09714174,25,83,85,1,7740
29.128438,25,84,86,1,7740
29.15969014,25,84,67,1,7620
29.19092393,26,83,91,1,7740
29.22217155,25,81,80,0,7740
29.25344801,25,85,70,1,7740
29.28470135,25,83,92,1,7500
29.31595349,25,85,74,2,7620
29.34720635,25,80,77,1,7620
29.3784585,25,84,92,1,7620
29.40971136,25,84,68,1,7740
29.44094443,25,84,84,2,7740
29.47219658,25,82,87,1,7740
29.50346851,26,82,68,1,7740
29.5347209,25,85,89,1,7620
29.56597376,25,82,80,1,7620
29.59722567,25,85,71,2,7620
29.64405513,25,81,91,1,7620
29.67531824,25,83,73,1,7620
29.70658588,25,84,77,2,7740
29.73783827,25,85,92,1,7740
29.76911497,26,82,68,0,7620
29.80036974,25,81,83,1,7620
29.83161974,25,84,87,1,7740
29.86287236,25,82,67,1,7620
29.89412498,25,84,89,1,7620
29.92537808,25,81,80,0,7620
29.95660639,25,83,70,1,7620
29.98783684,25,83,92,1,7620
30.01913619,25,86,73,2,7740
30.05038762,26,82,77,2,7620
30.08164072,25,83,92,1,7620
30.11289287,25,84,68,1,7620
30.14414692,25,83,84,1,7740
30.17539835,26,85,87,1,7620
30.20662642,25,81,68,1,7740
30.23785567,24,85,89,1,7620
30.28473234,25,83,81,1,7620
30.31598926,26,85,70,2,7740
30.34724307,25,82,92,1,7620
30.37851763,25,83,75,1,7740
30.40979409,25,85,77,2,7500
30.44104457,25,84,91,1,7620
30.47227859,26,83,68,2,7740
30.50350523,25,81,82,0,7740
30.53480387,25,85,87,1,7620
30.56605506,26,83,67,1,7740
30.59730721,25,85,88,2,7620
30.62855935,25,82,81,1,7620
30.65981507,25,85,69,1,7620
30.69106507,25,85,92,1,7500
30.72229314,26,84,75,1,7620
30.75354743,25,83,79,1,7620
30.78482437,25,82,92,1,7620
30.81607509,27,85,69,1,7620
30.84732723,26,84,81,1,7620
30.87857938,25,85,87,1,7620
30.92541313,25,82,67,1,7620
30.9410851,26,84,89,1,7620
30.98791337,25,84,81,1,7620
31.01917577,25,85,70,1,7620
31.05044842,25,83,93,1,7620
31.08172131,25,82,76,1,7740
31.11297369,25,85,76,1,7740
31.14422584,25,85,91,1,7740
31.17545915,24,85,69,1,7740
31.20668411,26,81,82,0,7920
31.2379601,25,84,89,1,7620
31.26923656,25,84,68,1,7740
31.30048919,25,84,89,1,7740
31.33174086,25,83,82,1,7620
31.36299419,25,82,69,1,7620
31.39424658,25,85,93,2,7620
31.42549896,26,82,75,1,7620
31.45673108,25,85,75,1,7740
31.487957,25,81,93,1,7620
31.5192368,25,84,70,2,7740
31.55050945,25,84,82,1,7740
31.59733772,25,85,87,1,7620
31.62859559,25,83,67,1,7920
31.65985155,25,82,88,0,7620
31.69110203,25,85,82,1,7620
31.72239232,25,82,69,1,7620
31.75362682,26,84,92,1,7620
31.78490329,25,81,75,1,7740
31.81615615,25,84,75,2,7620
31.84739113,25,83,92,1,7620
31.87866068,27,85,69,1,7740
31.90991354,25,83,80,0,7500
31.94116545,25,82,88,1,7620
31.97236776,25,85,68,2,7740
32.00363898,25,83,88,1,7740
32.03492355,25,84,82,2,7620
32.06617594,25,81,69,1,7620
32.09742761,25,84,92,1,7620
32.12868071,25,83,76,1,7620
32.15993357,25,85,75,2,7620
32.19113874,25,82,93,1,7620
32.23801494,25,83,69,1,7740
32.2692728,25,85,80,1,7620
32.30052042,25,83,89,1,7620
32.33178091,26,83,68,1,7620
32.36305451,25,81,88,0,7740
32.39432764,25,84,83,1,7620
32.4255805,25,83,69,1,7620
32.45681262,25,85,91,1,7740
32.48806453,25,82,75,1,7620
32.51933718,25,83,74,1,7500
32.55058932,25,85,93,2,7620
32.58184266,24,84,70,1,7740
32.61309481,25,82,80,1,7620
32.64434743,25,81,88,1,7740
32.67560053,25,85,68,1,7500
32.70685291,25,83,88,1,7740
32.73808122,25,85,84,1,7500
32.76933789,25,83,69,0,7620
32.80061102,25,84,92,1,7620
32.83186316,25,84,76,1,7740
32.87869191,25,85,74,1,7620
32.9099915,25,83,92,1,7740
32.94125295,25,82,70,0,7620
32.9725287,25,85,81,1,7740
33.00378275,25,83,90,1,7620
33.03505659,25,85,69,1,7620
33.06631017,25,81,87,0,7740
33.09756279,26,84,84,1,7620
33.12881446,25,84,68,1,7740
33.16016078,25,84,90,1,7740
33.19141436,25,83,76,1,7620
33.2226665,25,81,74,0,7500
33.25389528,25,85,92,1,7620
33.28517151,24,83,70,1,7620
33.31642342,25,84,81,1,7620
33.34767628,25,81,90,0,7620
33.37892866,25,84,69,1,7740
33.41018248,25,84,88,2,7620
33.44143414,25,85,85,1,7740
33.47266793,25,83,69,1,7620
33.51951909,25,82,91,0,7740
33.53519249,26,84,77,1,7740
33.58204842,26,83,74,1,7620
33.61339641,25,84,93,1,7620
33.64464903,25,81,71,1,7740
33.67592359,25,84,80,1,7620
33.70717597,25,84,90,1,7740
33.73842239,25,85,68,2,7620
33.76974344,26,82,88,1,7500
33.80114079,25,83,85,1,7620
33.83239341,24,84,69,1,7620
33.86364603,25,83,91,1,7620
33.89489818,25,84,77,1,7740
33.92615175,25,81,74,1,7620
33.95740366,25,85,92,1,7620
33.9886322,25,83,71,1,7740
34.01988006,26,86,79,1,7620
34.05116105,25,82,90,0,7740
34.08241391,26,83,68,0,7500
34.11366558,26,85,86,1,7500
34.14491844,25,84,85,2,7740
34.19175053,25,83,68,1,7740
34.20742345,25,81,92,1,7500
34.25427246,25,85,77,2,7500
34.28550506,25,83,73,1,7740
34.316787,25,86,92,1,7620
34.34806013,25,82,71,1,7620
34.37931252,25,84,80,0,7740
34.41056514,25,85,91,1,7620
34.44182038,25,84,69,1,7500
34.47306943,25,83,86,1,7620
34.5043056,25,82,85,1,7740
34.53552938,25,85,69,1,7740
34.56683064,25,83,91,1,7500
34.59808016,25,85,79,2,7740
34.6293323,25,82,72,1,7620
34.66058517,25,83,92,1,7740
34.69183874,26,84,71,1,7620
34.72309017,25,85,79,1,7620
34.75431943,26,83,91,1,7740
34.78557301,25,81,68,1,7620
34.83244467,26,84,86,1,7620
34.84810138,24,83,85,1,7620
34.89495707,25,84,69,2,7620
34.92621088,25,82,91,1,7740
34.95746207,25,84,79,1,7620
34.98868656,25,84,73,1,7620
35.01996541,25,84,93,1,7740
35.05124211,25,82,72,1,7740
35.08244634,25,81,81,0,7740
35.11369848,26,85,91,1,7620
35.14494848,25,82,67,1,7620
35.17620039,26,85,85,1,7620
35.2074523,25,81,85,1,7740
35.23870754,25,84,68,1,7740
35.26999497,25,83,91,1,7740
35.30126143,25,85,78,1,7740
35.33251452,25,82,72,1,7740
35.36376834,25,82,92,0,7620
35.39502001,25,84,71,2,7620
35.42627263,25,84,79,1,7620
35.45752501,26,83,91,1,7740
35.50438595,26,81,68,0,7620
35.53563261,26,85,86,1,7620
35.56685925,25,83,85,1,7620
35.59823513,25,85,68,2,7620
35.6295104,25,82,91,1,7740
35.66085839,25,84,79,1,7620
35.69208932,25,84,72,1,7500
35.72334743,27,84,92,0,7740
35.7546041,26,83,72,1,7740
35.78584409,25,82,79,0,7620
35.81712055,25,85,91,1,7620
35.84837341,26,83,68,1,7740
35.87962604,25,85,85,2,7620
35.91088033,25,82,85,0,7620
35.94213176,25,84,68,2,7500
35.97338414,25,84,89,1,7620
36.00461292,25,84,79,2,7620
36.03587484,25,83,71,1,7740
36.06714106,25,82,92,0,7620
36.09839439,25,84,73,1,7620
36.14523315,25,82,78,1,7620
36.16093826,24,85,91,2,7620
36.20782638,24,82,68,1,7620
36.23910332,25,83,85,1,7620
36.27032757,25,84,86,1,7620
36.30165577,25,85,67,1,7620
36.33295155,24,82,91,1,7500
36.36420345,25,81,79,0,7740
36.39545584,25,85,71,1,7620
36.42670918,26,83,91,1,7500
36.4579618,25,84,73,2,7620
36.48921442,25,81,78,0,7740
36.52046633,25,84,91,1,7620
36.5516758,25,84,69,2,7500
36.58297324,25,85,85,2,7740
36.61422396,25,82,86,1,7620
36.64547682,25,82,68,1,7620
36.6767292,25,85,91,2,7620
36.70798182,25,83,79,1,7620
36.73923397,25,83,70,1,7740
36.77046251,26,81,92,0,7500
36.81731582,25,84,73,2,7620
36.84857798,25,83,77,1,7740
36.87982845,25,85,91,2,7620
36.91107988,26,82,69,1,7620
36.94237614,25,82,84,0,7620
36.973629,25,85,86,1,7740
37.00486255,25,83,68,1,7740
37.03610945,25,84,90,1,7620
37.06738639,25,81,80,0,7740
37.09863806,25,85,71,1,7620
37.12989116,25,84,92,1,7620
37.16114426,25,85,72,2,7920
37.19239545,25,82,77,1,7620
37.22364902,26,83,92,0,7620
37.25488114,25,84,69,1,7620
37.28613329,25,83,85,1,7740
37.31740546,25,84,86,1,7620
37.34865832,25,81,68,0,7620
37.37991166,25,85,91,1,7620
37.41116309,25,84,81,1,7620
37.45799279,25,86,70,2,7740
37.48925614,25,82,91,1,7500
37.52050996,26,84,74,1,7620
37.55177808,25,84,77,2,7740
37.58305311,25,84,92,1,7620
37.61430526,25,83,68,1,7620
37.64555764,25,81,85,0,7620
37.67681217,25,84,87,1,7620
37.70806265,25,83,68,1,7620
37.73931575,26,85,90,1,7620
37.77052832,25,81,81,1,7380
37.80176973,25,84,70,1,7620
37.8330729,25,84,92,1,7740
37.86432528,26,84,75,1,7740
37.89557695,24,83,77,1,7740
37.92683196,25,82,92,1,7740
37.95808244,26,85,69,2,7500
37.9893353,25,83,84,1,7620
38.0205636,26,84,87,2,7620
38.05178976,25,82,68,1,7620
38.09867334,26,84,90,1,7620
38.12992549,25,84,81,2,7620
38.16120481,25,85,70,1,7620
38.19243574,25,83,91,0,7740
38.22372937,26,82,75,1,7620
38.25496411,25,85,76,2,7620
38.28621006,25,83,91,1,7620
38.31749177,25,85,68,1,7620
38.3487401,25,81,83,0,7620
38.37999225,25,84,87,1,7620
38.41124487,25,84,68,1,7620
38.44249749,25,86,89,1,7620
38.47374988,26,82,81,1,7620
38.50498509,25,83,70,1,7620
38.53623652,25,84,92,1,7620
38.567487,25,83,74,1,7620
38.59875989,25,84,78,2,7620
38.63001156,25,81,92,0,7620
38.66126466,25,84,69,1,7620
38.69251776,25,83,83,1,7620
38.72377014,25,85,87,2,7620
38.77059865,25,82,68,2,7500
38.80185509,25,83,89,1,7620
38.83311176,25,85,81,2,7620
38.86436129,27,83,70,1,7620
38.89565921,25,84,92,1,7620
38.9269104,25,81,74,1,7620
38.95816374,26,85,75,1,7620
38.98941612,25,84,92,1,7620
39.02064586,25,85,69,2,7620
39.05189729,25,82,82,0,7620
39.08317447,25,83,88,1,7740
39.11442661,25,85,68,2,7620
39.145679,25,84,89,1,7620
39.1769321,25,83,83,1,7620
39.20818424,25,81,69,1,7620
39.23943806,25,84,91,1,7500
39.27066994,26,84,74,1,7620
39.30191875,25,85,76,1,7620
39.33319473,25,81,92,1,7620
39.36444616,25,84,70,1,7620
39.41127586,25,84,81,1,7620
39.44253278,25,84,88,1,7620
39.47380853,25,82,69,1,7620
39.50506115,25,82,89,0,7620
39.53631163,25,85,82,1,7620
39.56756568,26,83,70,2,7620
39.59884191,26,85,92,1,7620
39.6300931,25,81,75,1,7740
39.66134548,25,84,75,1,7620
39.69259763,25,84,93,1,7620
39.72385192,25,85,70,1,7620
39.75510335,26,82,82,1,7740
39.78633308,27,81,89,1,7620
39.81758666,25,85,67,2,7620
39.84886169,25,83,88,1,7620
39.8801136,25,84,82,2,7620
39.9113667,25,81,69,0,7620
39.94261885,25,84,91,1,7620
39.97387171,25,83,75,1,7620
40.00512338,25,86,75,1,7620
40.05195236,25,82,92,1,7620
40.08323359,25,83,70,1,7620
40.11446595,25,84,81,1,7620
40.14571738,25,83,89,1,7740
40.17701268,26,83,68,1,7740
40.20826483,26,81,88,0,7620
40.23951864,25,85,82,2,7620
40.27074981,25,83,70,1,7620
40.30199862,24,85,92,1,7620
40.33327556,25,81,76,1,7620
40.36452794,25,85,75,1,7740
40.39578032,25,84,93,1,7620
40.42703366,25,84,70,1,7620
40.45828509,24,83,80,1,7500
40.48953843,25,82,87,1,7620
40.52079058,25,85,68,2,7620
40.55202246,25,83,88,0,7620
40.58329463,25,84,84,1,7740
40.61454797,26,82,68,1,7740
40.64580226,26,83,92,1,7620
40.69263983,24,84,76,1,7620
40.72390699,26,85,75,2,7620
40.75513935,25,82,93,1,7620
40.78639531,24,82,71,1,7620
40.81764197,26,84,80,1,7620
40.84894156,25,83,88,1,7740
40.88019514,25,84,68,2,7500
40.91144729,26,81,87,0,7620
40.94269896,25,85,84,1,7500
40.97395277,26,83,69,1,7620
41.00520468,25,85,91,2,7620
41.03645635,25,82,76,2,7620
41.0676856,25,84,74,0,7620
41.09896231,25,85,92,1,7740
41.13021445,25,83,70,1,7620
41.1614666,25,84,79,1,7620
41.19272041,25,82,89,1,7620
41.22397161,25,85,68,1,7740
41.25522542,25,83,87,1,7740
41.28645754,25,86,84,1,7620
41.33331227,25,82,68,1,7500
41.3489821,25,84,92,1,7740
41.39581132,25,85,77,1,7740
41.42707181,25,84,74,1,7620
41.45832181,25,83,93,1,7740
41.48961806,25,82,71,1,7620
41.52087092,25,85,80,1,7620
41.55209923,27,83,90,0,7620
41.5833354,25,85,68,1,7740
41.61462975,25,81,87,0,7620
41.6458807,25,84,84,2,7620
41.67713332,25,84,69,1,7740
41.70838737,25,85,92,1,7500
41.73963904,25,83,77,1,7620
41.77089262,25,82,73,0,7620
41.80211973,25,85,93,0,7620
41.83337474,25,83,72,1,7620
41.86464834,25,84,80,1,7740
41.89590168,25,81,90,1,7620
41.92715383,25,84,68,1,7620
41.95840669,25,84,86,1,7740
42.00523567,25,85,84,1,7740
42.03649211,25,83,69,0,7620
42.06774426,25,82,92,0,7620
42.09900045,25,85,77,1,7620
42.13029647,26,83,73,0,7620
42.16154838,24,83,92,1,7620
42.192801,25,81,71,1,7740
42.22405291,25,84,80,1,7740
42.25530529,25,83,91,1,7620
42.28653741,25,85,69,2,7620
42.31778765,25,82,86,1,7620
42.3490634,24,84,84,1,7740
42.38031554,25,84,68,1,7620
42.41156864,25,84,92,1,7740
42.44282269,25,82,77,1,7620
42.47407365,25,82,73,1,7620
42.50532627,25,84,92,1,7740
42.53656101,25,83,72,2,7740
42.56781244,25,85,80,1,7620
42.59908271,25,81,90,1,7620
42.64591241,25,84,64,2,7740
42.67717052,25,84,86,1,7620
42.72404385,25,85,85,1,7620
42.75530267,25,83,68,0,7620
42.78657866,25,81,91,0,7620
42.81783366,26,85,78,1,7620
42.84910297,25,83,73,1,7620
42.88035631,25,85,92,1,7500
42.91160941,25,83,72,1,7620
42.94286203,25,84,79,1,7740
42.97411394,25,84,91,1,7620
43.00536585,25,86,69,1,7620
43.03661823,25,83,86,1,7740
43.06785107,25,83,84,1,7740
43.09912372,25,84,68,1,7620
43.13037562,25,83,90,1,7620
43.16161084,25,83,78,1,7620
43.1928823,25,82,73,1,7620
43.22413468,25,85,92,1,7620
43.25538635,25,83,72,1,7620
43.30221534,25,85,79,1,7620
43.33347273,25,82,91,1,7620
43.36472416,25,84,68,1,7500
43.39600158,25,84,86,1,7740
43.42727518,25,84,86,1,7740
43.4585278,25,83,66,1,7620
43.48978114,25,81,90,0,7620
43.52103376,25,84,79,1,7740
43.55226159,25,83,73,1,7620
43.58351374,25,85,93,2,7620
43.61479187,25,81,72,1,7740
43.64604354,25,83,79,1,7620
43.67729259,25,84,91,1,7620
43.70853019,25,85,68,1,7620
43.73980021,26,83,86,1,7620
43.77105379,25,82,86,1,7620
43.80228138,25,85,69,2,7620
43.83353543,25,84,92,1,7620
43.86481404,25,84,79,2,7740
43.89606357,25,81,72,1,7500
43.94290066,25,84,92,1,7620
43.97415662,25,83,73,1,7740
44.00541496,25,85,78,2,7620
44.03667688,26,82,92,0,7620
44.06792831,25,81,69,1,7740
44.09916425,25,84,85,1,7620
44.1304574,25,83,86,1,7620
44.16170907,25,83,68,1,7620
44.19296217,25,81,91,0,7620
44.22421503,25,84,79,1,7620
44.25546718,25,83,72,1,7620
44.28671932,26,86,93,2,7620
44.31794882,26,82,72,1,7620
44.34920454,25,84,78,1,7740
44.38047743,25,85,91,1,7620
44.41173029,25,84,69,1,7620
44.4429822,25,82,85,1,7620
44.47423553,25,81,86,1,7620
44.50548673,25,84,68,2,7620
44.53673983,25,83,91,1,7740
44.58357286,25,85,79,2,7620
44.61482191,26,82,71,1,7620
44.6460793,25,84,93,1,7740
44.67733502,25,84,72,1,7620
44.70860863,25,85,77,1,7500
44.73988152,26,82,91,1,7740
44.77113366,25,82,68,1,7620
44.8023665,26,85,85,1,7740
44.83359218,25,82,86,1,7740
44.86489129,25,84,68,2,7620
44.89614391,25,81,90,0,7740
44.9273963,25,84,81,1,7740
44.95864892,25,84,70,1,7740
44.98990178,25,86,93,1,7740
45.02110744,25,82,74,1,7620
45.05240703,25,83,76,1,7740
45.08363962,26,84,92,1,7620
45.11491251,25,83,68,2,7500
45.14616442,25,83,84,1,7740
45.17741704,25,82,86,1,7620
45.20866919,25,85,67,2,7740
45.25549817,25,83,89,1,7620
45.28675675,25,85,80,2,7740
45.31801009,25,82,71,0,7920
45.34926248,25,84,92,1,7620
45.38055897,26,84,73,1,7620
45.4118135,25,84,76,1,7620
45.4430635,25,83,91,1,7620
45.4743154,25,82,68,1,7620
45.5055697,25,84,84,1,7620
45.53682017,25,82,87,0,7620
45.56805301,25,85,68,1,7620
45.5992763,25,82,89,1,7620
45.63057804,25,83,81,1,7740
45.66183448,25,84,71,1,7620
45.69308424,25,85,92,1,7620
45.72433591,25,83,73,1,7620
45.75558901,25,82,76,1,7620
45.78684354,24,84,91,1,7620
45.8180697,25,83,69,1,7740
45.84933949,25,85,84,1,7620
45.89617538,25,81,87,1,7620
45.92743278,26,85,68,1,7740
45.95868826,25,83,89,1,7620
45.98993969,25,85,81,2,7740
46.02123713,27,82,71,1,7740
46.05246902,25,83,93,1,7620
46.08371687,25,85,75,1,7620
46.11497283,25,83,77,1,7620
46.14624619,25,83,91,1,7740
46.17749739,25,81,69,1,7620
46.20875072,26,84,83,1,7620
46.24000287,25,83,87,1,7740
46.27125573,25,85,68,2,7620
46.3025074,25,82,89,1,7620
46.33373713,25,84,81,1,7620
46.36497855,26,84,69,1,7620
46.39626598,24,85,93,1,7620
46.42751956,25,83,73,1,7620
46.45877099,25,82,76,0,7620
46.49002314,25,85,92,1,7620
46.53685188,25,83,69,2,7620
46.56811857,25,85,83,2,7620
46.59937692,26,81,87,0,7620
46.63061762,25,84,68,2,7620
46.66191339,25,84,90,1,7740
46.69316459,24,85,82,2,7620
46.72441769,25,82,69,1,7740
46.75566983,26,82,91,0,7620
,,,,,
,3,4,,,
