Time Since Start, Startboard, Stardboard ADC, Port, Port ADC, Front, Back, RPM ,,,,
3.719398022,10.22216165,56,-11.20330497,25,0,-1,0,,,0.657235879,0.730421796
3.751361132,10.56290037,57,-11.20330497,25,0,0,0,,,55,23
3.783436537,10.56290037,57,-10.85320169,26,0,0,0,,,60,28
3.815686464,10.56290037,57,-10.85320169,26,0,0,0,,,57.071,25.478
3.847213745,10.90363909,58,-10.85320169,26,-1,0,0,,,,
3.879397154,10.56290037,57,-10.85320169,26,0,0,0,,,,
3.91156888,10.56290037,57,-10.85320169,26,-1,0,0,,,,
3.943759203,10.90363909,58,-11.20330497,25,0,0,0,,,,
3.97552824,10.56290037,57,-11.20330497,25,0,1,0,,,,
4.00741148,10.56290037,57,-10.85320169,26,0,0,0,,,,
4.039450169,10.56290037,57,-10.85320169,26,0,0,0,,,,
4.07164216,10.56290037,57,-10.85320169,26,0,0,0,,,,
4.103763819,10.56290037,57,-11.20330497,25,0,0,0,,,,
4.13546586,10.56290037,57,-11.20330497,25,0,0,0,,,,
4.167502165,10.56290037,57,-11.20330497,25,0,0,0,,,,
4.199893713,10.56290037,57,-10.85320169,26,0,0,0,,,,
4.231976271,10.22216165,56,-10.85320169,26,-1,0,0,,,,
4.264011383,10.56290037,57,-11.20330497,25,0,0,0,,,,
4.296108007,10.56290037,57,-11.20330497,25,0,0,0,,,,
4.327805519,11.24437781,59,-10.85320169,26,-1,0,0,,,,
4.36011529,10.56290037,57,-10.85320169,26,0,-1,0,,,,
4.391829014,10.56290037,57,-10.85320169,26,0,0,0,,,,
4.423914433,10.56290037,57,-11.20330497,25,0,1,0,,,,
4.456013203,10.56290037,57,-11.20330497,25,0,-1,0,,,,
4.48759532,10.56290037,57,-10.85320169,26,0,-1,0,,,,
4.519607782,10.22216165,56,-10.15299513,28,0,1,0,,,,
4.55200386,10.56290037,57,-10.85320169,26,0,0,0,,,,
4.584222317,10.56290037,57,-11.20330497,25,0,0,0,,,,
4.61605382,10.56290037,57,-11.20330497,25,-1,0,0,,,,
4.64827466,10.56290037,57,-11.55340826,24,0,0,0,,,,
4.679840803,10.90363909,58,-11.20330497,25,-1,0,0,,,,
4.712325335,10.56290037,57,-10.85320169,26,0,0,0,,,,
4.744487524,10.56290037,57,-10.85320169,26,0,0,0,,,,
4.776589155,10.56290037,57,-10.85320169,26,0,0,0,,,,
4.808391094,10.56290037,57,-11.20330497,25,0,0,0,,,,
4.839869261,11.24437781,59,-11.55340826,24,0,0,0,,,,
4.872415781,10.90363909,58,-10.85320169,26,-1,0,0,,,,
4.904051781,10.90363909,58,-11.20330497,25,0,0,0,,,,
4.93634963,10.56290037,57,-10.85320169,26,0,-1,0,,,,
4.968251944,10.56290037,57,-10.85320169,26,-1,0,0,,,,
5.000581503,10.56290037,57,-11.20330497,25,0,0,0,,,,
5.032154083,10.56290037,57,-11.20330497,25,0,0,0,,,,
5.064450264,10.56290037,57,-11.20330497,25,0,0,0,,,,
5.096611261,10.56290037,57,-11.20330497,25,0,0,0,,,,
5.12849617,10.56290037,57,-11.20330497,25,0,0,0,,,,
5.160948753,10.56290037,57,-10.85320169,26,0,0,0,,,,
5.19231391,10.56290037,57,-11.20330497,25,0,0,0,,,,
5.224153519,10.56290037,57,-10.50309841,27,0,0,0,,,,
5.255738258,10.56290037,57,-10.85320169,26,-1,0,0,,,,
5.288283348,10.56290037,57,-10.85320169,26,-1,0,0,,,,
5.320798635,10.56290037,57,-10.85320169,26,-1,1,0,,,,
5.352565527,10.56290037,57,-11.20330497,25,-1,0,0,,,,
5.384814262,10.56290037,57,-10.85320169,26,0,0,0,,,,
5.416675568,10.56290037,57,-11.20330497,25,-1,0,0,,,,
5.448833704,10.56290037,57,-10.85320169,26,-1,0,0,,,,
5.480947495,10.56290037,57,-11.20330497,25,0,0,0,,,,
5.512536764,10.90363909,58,-10.85320169,26,-1,0,0,,,,
5.544995308,10.90363909,58,-10.85320169,26,0,0,0,,,,
5.576723576,10.56290037,57,-10.85320169,26,0,0,0,,,,
5.608533382,11.24437781,59,-10.85320169,26,-1,0,0,,,,
5.640452147,10.56290037,57,-11.20330497,25,0,0,0,,,,
5.672812462,10.56290037,57,-11.20330497,25,0,1,0,,,,
5.704583406,10.90363909,58,-11.55340826,24,0,0,0,,,,
5.736733913,10.90363909,58,-11.20330497,25,0,0,0,,,,
5.768634796,10.56290037,57,-11.20330497,25,-1,1,0,,,,
5.801032305,10.22216165,56,-11.20330497,25,0,0,0,,,,
5.83298111,10.56290037,57,-10.85320169,26,-1,0,0,,,,
5.865104914,10.56290037,57,-10.85320169,26,0,0,0,,,,
5.897111177,10.90363909,58,-10.85320169,26,0,-1,0,,,,
5.929139853,10.56290037,57,-11.20330497,25,0,-1,0,,,,
5.96100235,10.56290037,57,-10.85320169,26,0,0,0,,,,
5.993036032,10.90363909,58,-11.20330497,25,0,0,0,,,,
6.024559021,10.56290037,57,-11.20330497,25,0,0,0,,,,
6.056589842,10.56290037,57,-10.85320169,26,0,0,0,,,,
6.089407444,10.90363909,58,-10.85320169,26,-1,-1,0,,,,
6.121655941,11.58511653,60,-10.85320169,26,0,0,0,,,,
6.153581619,10.56290037,57,-11.55340826,24,0,0,0,,,,
6.185666323,10.90363909,58,-11.20330497,25,-1,0,0,,,,
6.217997313,10.90363909,58,-10.85320169,26,0,0,0,,,,
6.24938941,10.56290037,57,-10.85320169,26,0,0,0,,,,
6.281690359,10.90363909,58,-10.85320169,26,0,0,0,,,,
6.313709259,10.56290037,57,-11.20330497,25,0,0,0,,,,
6.345591307,10.56290037,57,-11.20330497,25,-1,1,0,,,,
6.377732754,10.56290037,57,-10.85320169,26,0,0,0,,,,
6.409973383,10.56290037,57,-11.20330497,25,0,1,0,,,,
6.441468,10.22216165,56,-11.20330497,25,0,0,0,,,,
6.473570108,10.56290037,57,-10.85320169,26,0,0,0,,,,
6.505225182,10.22216165,56,-10.85320169,26,0,0,0,,,,
6.53747797,10.56290037,57,-10.85320169,26,-1,0,0,,,,
6.569335222,10.56290037,57,-10.85320169,26,0,0,0,,,,
6.601484299,10.56290037,57,-11.55340826,24,0,1,0,,,,
6.63373208,10.56290037,57,-10.85320169,26,0,0,0,,,,
6.665828228,10.56290037,57,-10.85320169,26,0,0,0,,,,
6.697784901,10.56290037,57,-11.20330497,25,0,1,0,,,,
6.729383707,10.56290037,57,-10.85320169,26,0,1,0,,,,
6.761813879,10.56290037,57,-10.85320169,26,0,1,0,,,,
6.79387641,10.56290037,57,-10.85320169,26,0,0,0,,,,
6.825900078,10.56290037,57,-10.85320169,26,0,0,0,,,,
6.858015537,10.56290037,57,-10.85320169,26,0,1,0,,,,
6.889924526,10.56290037,57,-11.55340826,24,0,0,0,,,,
6.921961784,10.56290037,57,-10.85320169,26,0,-1,0,,,,
6.953628302,9.881422925,55,-10.15299513,28,0,0,0,,,,
6.985541582,10.56290037,57,-11.20330497,25,0,1,0,,,,
7.017838001,10.56290037,57,-10.85320169,26,0,0,0,,,,
7.049556255,10.56290037,57,-11.55340826,24,0,0,0,,,,
7.082021236,10.56290037,57,-11.20330497,25,0,0,0,,,,
7.114025831,11.24437781,59,-10.85320169,26,1,0,0,,,,
7.146145344,10.56290037,57,-11.20330497,25,0,0,0,,,,
7.178073645,10.56290037,57,-10.85320169,26,-1,0,0,,,,
7.209745646,10.56290037,57,-10.85320169,26,0,0,0,,,,
7.242213011,10.22216165,56,-10.15299513,28,0,0,0,,,,
7.273878098,10.56290037,57,-11.20330497,25,0,0,0,,,,
7.306271076,10.56290037,57,-10.85320169,26,0,0,0,,,,
7.337780714,10.56290037,57,-11.20330497,25,0,-1,0,,,,
7.369989634,10.90363909,58,-10.85320169,26,0,-1,0,,,,
7.401866674,10.56290037,57,-10.85320169,26,-1,0,0,,,,
7.433865547,10.56290037,57,-10.85320169,26,0,0,0,,,,
7.466051817,10.56290037,57,-10.85320169,26,0,0,0,,,,
7.498091459,10.56290037,57,-10.85320169,26,-1,0,0,,,,
7.529624939,10.56290037,57,-11.20330497,25,0,0,0,,,,
7.562157154,10.90363909,58,-11.20330497,25,-1,0,0,,,,
7.59368968,10.56290037,57,-10.85320169,26,0,0,0,,,,
7.626718044,10.56290037,57,-10.85320169,26,-1,0,0,,,,
7.658233166,10.90363909,58,-11.20330497,25,-1,0,0,,,,
7.690263748,10.56290037,57,-11.20330497,25,0,0,0,,,,
7.722126484,10.56290037,57,-10.85320169,26,0,0,0,,,,
7.753867149,10.90363909,58,-10.85320169,26,0,0,0,,,,
7.787028551,10.56290037,57,-11.20330497,25,-1,0,0,,,,
7.81892395,10.56290037,57,-10.85320169,26,0,0,0,,,,
7.851464987,10.56290037,57,-11.20330497,25,-1,0,0,,,,
7.883253336,10.56290037,57,-11.20330497,25,0,-1,0,,,,
7.915251255,10.56290037,57,-10.85320169,26,-1,0,0,,,,
7.947119236,10.90363909,58,-10.85320169,26,0,1,0,,,,
7.979312181,10.56290037,57,-11.20330497,25,0,0,0,,,,
8.011151314,10.56290037,57,-10.85320169,26,-1,0,0,,,,
8.043130875,10.56290037,57,-10.85320169,26,0,0,0,,,,
8.074899673,10.56290037,57,-11.20330497,25,0,0,0,,,,
8.107355356,10.56290037,57,-11.20330497,25,-1,-1,0,,,,
8.139244318,10.56290037,57,-11.55340826,24,0,0,0,,,,
8.170929432,10.56290037,57,-11.20330497,25,0,0,0,,,,
8.202801943,10.56290037,57,-10.85320169,26,0,0,0,,,,
8.23473835,10.56290037,57,-10.85320169,26,0,0,0,,,,
8.267056227,10.56290037,57,-10.85320169,26,0,0,0,,,,
8.298859596,10.56290037,57,-10.85320169,26,0,0,0,,,,
8.331079006,10.56290037,57,-10.85320169,26,0,0,0,,,,
8.363004684,10.56290037,57,-10.50309841,27,-1,0,0,,,,
8.395017385,9.881422925,55,-11.20330497,25,0,0,0,,,,
8.427080154,10.56290037,57,-10.85320169,26,0,0,0,,,,
8.459190607,10.56290037,57,-10.85320169,26,0,0,0,,,,
8.490936756,10.56290037,57,-10.85320169,26,-1,0,0,,,,
8.523166895,10.56290037,57,-10.85320169,26,0,0,0,,,,
8.555148363,10.56290037,57,-10.85320169,26,0,0,0,,,,
8.587316751,10.56290037,57,-10.85320169,26,0,1,0,,,,
8.619236469,10.56290037,57,-11.55340826,24,0,0,0,,,,
8.651335478,10.56290037,57,-11.20330497,25,0,0,0,,,,
8.683363438,10.90363909,58,-10.85320169,26,0,0,0,,,,
8.715392828,10.56290037,57,-11.20330497,25,0,0,0,,,,
8.747177362,10.56290037,57,-10.85320169,26,0,0,0,,,,
8.779430151,10.90363909,58,-11.20330497,25,0,0,0,,,,
8.811272621,11.58511653,60,-11.20330497,25,0,0,0,,,,
8.843024731,10.56290037,57,-11.55340826,24,-1,0,0,,,,
8.875555515,10.56290037,57,-11.20330497,25,0,1,0,,,,
8.907019854,9.881422925,55,-11.20330497,25,0,0,0,,,,
8.939511299,10.56290037,57,-10.85320169,26,0,0,0,,,,
8.971362352,10.56290037,57,-10.50309841,27,0,1,0,,,,
9.003530979,10.56290037,57,-11.20330497,25,-1,0,0,,,,
9.03546381,10.56290037,57,-11.20330497,25,0,1,0,,,,
9.067445517,10.56290037,57,-10.85320169,26,0,0,0,,,,
9.099618912,10.56290037,57,-10.85320169,26,0,0,0,,,,
9.13125062,10.56290037,57,-11.20330497,25,0,0,0,,,,
9.163268328,10.56290037,57,-11.20330497,25,0,1,0,,,,
9.195030212,10.56290037,57,-10.85320169,26,0,0,0,,,,
9.227032423,10.56290037,57,-10.85320169,26,0,0,0,,,,
9.259584904,10.56290037,57,-11.20330497,25,1,0,0,,,,
9.291660309,11.58511653,60,-11.20330497,25,-1,0,0,,,,
9.32380724,10.56290037,57,-10.85320169,26,0,0,0,,,,
9.355759621,10.56290037,57,-11.20330497,25,0,0,0,,,,
9.387515783,10.56290037,57,-10.85320169,26,0,0,0,,,,
9.419716358,10.56290037,57,-10.85320169,26,0,-1,0,,,,
9.451506615,10.56290037,57,-10.85320169,26,-1,0,0,,,,
9.483683825,9.881422925,55,-10.50309841,27,-1,0,0,,,,
9.515366316,10.56290037,57,-10.85320169,26,0,-1,0,,,,
9.548108816,10.56290037,57,-11.20330497,25,0,0,0,,,,
9.579690456,10.56290037,57,-11.20330497,25,0,1,0,,,,
9.611626625,10.90363909,58,-10.85320169,26,0,-1,0,,,,
9.643358946,10.56290037,57,-11.20330497,25,0,1,0,,,,
9.675512314,10.56290037,57,-11.55340826,24,0,0,0,,,,
9.707550287,10.56290037,57,-11.20330497,25,0,0,0,,,,
9.739549875,10.56290037,57,-10.85320169,26,0,0,0,,,,
9.772007465,10.22216165,56,-11.55340826,24,-1,0,0,,,,
9.804049969,10.56290037,57,-11.20330497,25,0,0,0,,,,
9.835907459,10.56290037,57,-10.85320169,26,-1,0,0,,,,
9.868074179,10.56290037,57,-10.85320169,26,0,0,0,,,,
9.899690628,10.56290037,57,-10.85320169,26,0,1,0,,,,
9.932076693,10.56290037,57,-11.20330497,25,0,1,0,,,,
9.964262962,10.90363909,58,-11.20330497,25,0,0,0,,,,
9.9963305,10.56290037,57,-10.85320169,26,0,0,0,,,,
10.02794433,10.56290037,57,-11.20330497,25,-1,0,0,,,,
10.06021786,10.56290037,57,-10.85320169,26,0,0,0,,,,
10.09214091,10.56290037,57,-10.85320169,26,-1,0,0,,,,
10.12415576,10.56290037,57,-11.20330497,25,0,1,0,,,,
10.15595627,10.56290037,57,-11.55340826,24,0,0,0,,,,
10.18819356,10.56290037,57,-11.20330497,25,-1,0,0,,,,
10.2204597,10.90363909,58,-11.20330497,25,0,0,0,,,,
10.25238514,10.56290037,57,-11.20330497,25,0,0,0,,,,
10.28442287,10.56290037,57,-10.85320169,26,-1,0,0,,,,
10.31647539,10.90363909,58,-11.20330497,25,0,1,0,,,,
10.34839797,11.58511653,60,-10.85320169,26,-1,0,0,,,,
10.380265,10.56290037,57,-11.20330497,25,0,0,0,,,,
10.41273332,10.56290037,57,-10.85320169,26,-1,1,0,,,,
10.44418049,10.56290037,57,-10.85320169,26,0,1,0,,,,
10.47594953,10.56290037,57,-11.20330497,25,-1,0,0,,,,
10.50878811,10.56290037,57,-10.85320169,26,0,0,0,,,,
10.54001164,10.56290037,57,-11.20330497,25,-1,1,0,,,,
10.57244039,10.90363909,58,-10.85320169,26,0,-1,0,,,,
10.60421515,10.56290037,57,-11.20330497,25,0,0,0,,,,
10.63651991,10.90363909,58,-11.90351154,23,0,1,0,,,,
10.66857529,10.90363909,58,-11.20330497,25,0,0,0,,,,
10.70034289,10.56290037,57,-11.20330497,25,0,0,0,,,,
10.73237991,10.56290037,57,-11.20330497,25,0,0,0,,,,
10.76450157,10.56290037,57,-10.85320169,26,0,-1,0,,,,
10.79686594,10.56290037,57,-10.85320169,26,0,0,0,,,,
10.82877088,11.58511653,60,-11.20330497,25,-1,0,0,,,,
10.86108017,10.56290037,57,-11.55340826,24,0,0,0,,,,
10.89242864,10.90363909,58,-10.85320169,26,0,0,0,,,,
10.92464423,10.56290037,57,-11.20330497,25,0,0,0,,,,
10.95640063,10.56290037,57,-11.20330497,25,0,0,0,,,,
10.98853946,10.56290037,57,-10.85320169,26,0,0,0,,,,
11.02058721,9.881422925,55,-10.50309841,27,0,0,0,,,,
11.05251646,10.56290037,57,-10.85320169,26,0,0,0,,,,
11.08469057,10.56290037,57,-11.20330497,25,-1,0,0,,,,
11.11693621,9.881422925,55,-11.20330497,25,-1,0,0,,,,
11.14895725,10.56290037,57,-11.20330497,25,-1,0,0,,,,
11.18114257,10.56290037,57,-11.20330497,25,-1,-1,0,,,,
11.21309543,10.56290037,57,-10.85320169,26,0,0,0,,,,
11.2452507,10.56290037,57,-10.85320169,26,-1,0,0,,,,
11.27702355,10.56290037,57,-10.85320169,26,0,0,0,,,,
11.30933237,10.56290037,57,-10.85320169,26,-1,0,0,,,,
11.34166741,10.56290037,57,-10.85320169,26,0,1,0,,,,
11.37301183,10.56290037,57,-11.20330497,25,0,0,0,,,,
11.40485311,10.90363909,58,-10.50309841,27,0,0,0,,,,
11.43684626,10.56290037,57,-10.85320169,26,-1,0,0,,,,
11.46891928,10.56290037,57,-10.85320169,26,0,0,0,,,,
11.50138927,10.90363909,58,-10.85320169,26,0,0,0,,,,
11.53320765,10.56290037,57,-11.55340826,24,0,0,0,,,,
11.56523395,10.56290037,57,-11.20330497,25,1,0,0,,,,
11.59736824,9.881422925,55,-10.85320169,26,0,0,0,,,,
11.62939095,10.56290037,57,-11.20330497,25,0,0,0,,,,
11.6613853,10.56290037,57,-11.20330497,25,0,-1,0,,,,
11.69352555,10.56290037,57,-10.85320169,26,0,0,0,,,,
11.72573137,10.56290037,57,-11.20330497,25,0,1,0,,,,
11.75774503,10.56290037,57,-11.55340826,24,0,0,0,,,,
11.78916717,10.56290037,57,-10.85320169,26,0,0,0,,,,
11.82156181,10.56290037,57,-11.20330497,25,0,1,0,,,,
11.85332203,10.56290037,57,-11.20330497,25,0,0,0,,,,
11.88507032,10.56290037,57,-11.55340826,24,0,0,0,,,,
11.91727471,10.90363909,58,-11.20330497,25,-1,0,0,,,,
11.94964242,10.56290037,57,-10.85320169,26,0,0,0,,,,
11.98144889,10.56290037,57,-10.85320169,26,-1,0,0,,,,
12.0137217,10.56290037,57,-11.20330497,25,0,0,0,,,,
12.04568148,10.56290037,57,-11.20330497,25,0,0,0,,,,
12.07764316,10.56290037,57,-10.85320169,26,1,0,0,,,,
12.10934281,10.56290037,57,-10.85320169,26,0,0,0,,,,
12.14195323,11.24437781,59,-10.85320169,26,-1,1,0,,,,
12.17368078,10.56290037,57,-10.85320169,26,-1,1,0,,,,
12.20546293,10.56290037,57,-11.20330497,25,0,0,0,,,,
12.23743987,10.90363909,58,-11.55340826,24,0,0,0,,,,
12.26969361,10.90363909,58,-11.20330497,25,0,0,0,,,,
12.30177546,10.56290037,57,-11.55340826,24,0,0,0,,,,
12.33350563,10.56290037,57,-11.20330497,25,0,-1,0,,,,
12.36571455,10.56290037,57,-11.20330497,25,0,0,0,,,,
12.39752603,10.56290037,57,-10.85320169,26,0,0,0,,,,
12.4295435,10.56290037,57,-10.85320169,26,0,1,0,,,,
12.46195436,10.56290037,57,-11.20330497,25,0,0,0,,,,
12.49398994,10.56290037,57,-11.20330497,25,0,0,0,,,,
12.52641702,10.56290037,57,-11.20330497,25,0,0,0,,,,
12.55790353,10.56290037,57,-10.85320169,26,-1,0,0,,,,
12.58937883,10.56290037,57,-10.85320169,26,0,0,0,,,,
12.62173772,10.56290037,57,-11.55340826,24,0,0,0,,,,
12.65363765,10.56290037,57,-11.20330497,25,0,0,0,,,,
12.68575525,10.56290037,57,-10.50309841,27,-1,0,0,,,,
12.71785545,10.56290037,57,-11.20330497,25,-1,0,0,,,,
12.75017953,10.56290037,57,-11.20330497,25,0,1,0,,,,
12.7819612,10.56290037,57,-11.20330497,25,-1,0,0,,,,
12.81417799,10.90363909,58,-11.20330497,25,0,0,0,,,,
12.84619975,10.56290037,57,-11.20330497,25,0,0,0,,,,
12.87791586,10.56290037,57,-10.85320169,26,0,-1,0,,,,
12.91035891,10.56290037,57,-10.85320169,26,0,1,0,,,,
12.94234776,10.56290037,57,-11.20330497,25,0,0,0,,,,
12.97428679,10.56290037,57,-10.50309841,27,0,0,0,,,,
13.00615525,10.22216165,56,-10.85320169,26,0,0,0,,,,
13.03806734,10.56290037,57,-10.85320169,26,0,-1,0,,,,
13.07011008,10.56290037,57,-10.85320169,26,0,1,0,,,,
13.10208249,10.90363909,58,-11.20330497,25,0,0,0,,,,
13.13448858,10.56290037,57,-10.85320169,26,0,0,0,,,,
13.16607594,10.56290037,57,-10.85320169,26,-1,0,0,,,,
13.19830561,10.56290037,57,-10.85320169,26,0,0,0,,,,
13.23013663,10.56290037,57,-10.85320169,26,0,1,0,,,,
13.26264238,10.56290037,57,-10.85320169,26,-1,1,0,,,,
13.29460955,10.56290037,57,-11.20330497,25,0,0,0,,,,
13.32646513,10.56290037,57,-10.85320169,26,-1,0,0,,,,
13.35852027,10.56290037,57,-10.85320169,26,-1,0,0,,,,
13.39108038,10.22216165,56,-11.20330497,25,0,0,0,,,,
13.42261028,10.56290037,57,-11.20330497,25,0,1,0,,,,
13.45443439,10.56290037,57,-11.20330497,25,0,-1,0,,,,
13.48651576,10.56290037,57,-11.20330497,25,0,0,0,,,,
13.51833057,10.56290037,57,-10.85320169,26,0,0,0,,,,
13.55045676,9.881422925,55,-11.20330497,25,0,0,0,,,,
13.58274007,10.56290037,57,-10.85320169,26,0,-1,0,,,,
13.6148572,10.56290037,57,-11.20330497,25,-1,0,0,,,,
13.64697504,10.56290037,57,-11.20330497,25,-1,0,0,,,,
13.67892575,10.56290037,57,-11.20330497,25,0,0,0,,,,
13.71106815,9.881422925,55,-10.15299513,28,1,0,0,,,,
13.74282789,10.56290037,57,-11.20330497,25,0,1,0,,,,
13.77500987,10.56290037,57,-10.85320169,26,0,0,0,,,,
13.80715632,10.90363909,58,-11.55340826,24,0,0,0,,,,
13.83905053,10.90363909,58,-10.85320169,26,-1,0,0,,,,
13.87113786,10.56290037,57,-10.85320169,26,0,0,0,,,,
13.90281248,10.56290037,57,-11.20330497,25,-1,0,0,,,,
13.93462443,10.56290037,57,-11.20330497,25,0,0,0,,,,
13.96710849,10.90363909,58,-10.50309841,27,0,0,0,,,,
13.99871778,9.881422925,55,-11.20330497,25,0,0,0,,,,
14.03114796,9.881422925,55,-11.20330497,25,0,0,0,,,,
14.06277156,10.56290037,57,-10.85320169,26,-1,0,0,,,,
14.095191,10.56290037,57,-10.85320169,26,-1,1,0,,,,
14.12720013,10.56290037,57,-10.85320169,26,0,0,0,,,,
14.15924215,10.56290037,57,-11.20330497,25,0,0,0,,,,
14.19157457,10.56290037,57,-11.20330497,25,-1,0,0,,,,
14.22335124,10.90363909,58,-11.20330497,25,-1,0,0,,,,
14.25532293,10.56290037,57,-10.85320169,26,0,0,0,,,,
14.28718686,10.56290037,57,-10.85320169,26,-1,1,0,,,,
14.31926918,10.56290037,57,-10.85320169,26,0,0,0,,,,
14.35105467,10.90363909,58,-11.20330497,25,0,0,0,,,,
14.38322186,10.56290037,57,-11.20330497,25,0,0,0,,,,
14.41491985,10.56290037,57,-10.85320169,26,0,0,0,,,,
14.44709039,10.56290037,57,-10.15299513,28,-1,-1,0,,,,
14.47915888,9.881422925,55,-11.20330497,25,0,0,0,,,,
14.51159859,10.56290037,57,-11.20330497,25,-1,0,0,,,,
14.54353404,10.56290037,57,-11.20330497,25,0,1,0,,,,
14.57553792,10.56290037,57,-11.20330497,25,0,0,0,,,,
14.60772848,10.56290037,57,-10.85320169,26,0,0,0,,,,
14.63966751,10.56290037,57,-10.85320169,26,0,0,0,,,,
14.67148137,10.56290037,57,-10.85320169,26,0,0,0,,,,
14.70361209,9.881422925,55,-11.20330497,25,0,0,0,,,,
14.73568916,10.90363909,58,-10.85320169,26,1,0,0,,,,
14.76786971,10.56290037,57,-10.85320169,26,0,0,0,,,,
14.79947662,10.56290037,57,-10.85320169,26,0,0,0,,,,
14.83125138,10.56290037,57,-10.85320169,26,0,-1,0,,,,
14.86363173,10.56290037,57,-11.20330497,25,0,0,0,,,,
14.89582491,10.90363909,58,-10.85320169,26,0,0,0,,,,
14.92781377,10.56290037,57,-10.85320169,26,0,0,0,,,,
14.95949626,10.56290037,57,-11.20330497,25,0,1,0,,,,
14.99158311,10.56290037,57,-11.20330497,25,0,0,0,,,,
15.02405953,10.90363909,58,-11.55340826,24,0,-1,0,,,,
15.05550551,11.24437781,59,-11.20330497,25,0,0,0,,,,
15.08789301,10.56290037,57,-11.20330497,25,-1,1,0,,,,
15.11990714,10.56290037,57,-11.20330497,25,0,1,0,,,,
15.15196371,10.56290037,57,-11.20330497,25,0,1,0,,,,
15.18391323,10.56290037,57,-10.85320169,26,0,-1,0,,,,
15.21594071,10.56290037,57,-10.85320169,26,-1,0,0,,,,
15.24754238,9.881422925,55,-10.85320169,26,0,0,0,,,,
15.27978945,10.56290037,57,-10.85320169,26,0,0,0,,,,
15.3120873,10.56290037,57,-10.85320169,26,0,1,0,,,,
15.34391284,10.56290037,57,-10.85320169,26,0,0,0,,,,
15.37565374,10.56290037,57,-10.85320169,26,0,0,0,,,,
15.40801644,10.56290037,57,-11.20330497,25,0,0,0,,,,
15.44013357,10.56290037,57,-11.20330497,25,0,0,0,,,,
15.47200584,10.56290037,57,-11.20330497,25,0,0,0,,,,
15.50415373,10.56290037,57,-10.85320169,26,0,-1,0,,,,
15.53582001,10.56290037,57,-11.20330497,25,0,1,0,,,,
15.56828332,10.56290037,57,-11.20330497,25,0,0,0,,,,
15.59986138,9.881422925,55,-10.15299513,28,-1,0,0,,,,
15.63210225,10.56290037,57,-11.20330497,25,-1,0,0,,,,
15.66386485,10.56290037,57,-10.85320169,26,0,0,0,,,,
15.69585228,10.56290037,57,-11.20330497,25,0,0,0,,,,
15.72837591,10.56290037,57,-11.20330497,25,0,0,0,,,,
15.76059747,10.56290037,57,-11.20330497,25,0,1,0,,,,
15.79251385,10.56290037,57,-10.85320169,26,-1,0,0,,,,
15.82417178,10.56290037,57,-11.20330497,25,0,0,0,,,,
15.85691285,10.56290037,57,-11.20330497,25,0,0,0,,,,
15.88846517,10.56290037,57,-11.20330497,25,0,0,0,,,,
15.920362,10.56290037,57,-10.85320169,26,0,-1,0,,,,
15.95220232,10.56290037,57,-10.85320169,26,-1,-1,0,,,,
15.98423266,10.56290037,57,-10.85320169,26,0,0,0,,,,
16.01577568,10.56290037,57,-10.85320169,26,0,0,0,,,,
16.04781079,10.56290037,57,-10.85320169,26,-1,0,0,,,,
16.08035588,10.56290037,57,-10.85320169,26,0,0,0,,,,
16.11266494,10.56290037,57,-10.85320169,26,0,0,0,,,,
16.14470315,10.56290037,57,-11.20330497,25,0,0,0,,,,
16.17718315,10.56290037,57,-11.20330497,25,0,0,0,,,,
16.20875931,10.22216165,56,-11.90351154,23,0,1,0,,,,
16.24098086,10.56290037,57,-11.20330497,25,0,1,0,,,,
16.27344489,10.56290037,57,-11.20330497,25,0,1,0,,,,
16.30490613,10.56290037,57,-11.20330497,25,0,1,0,,,,
16.33738184,10.56290037,57,-11.20330497,25,0,0,0,,,,
16.36889887,10.56290037,57,-11.20330497,25,0,0,0,,,,
16.40125871,10.22216165,56,-10.85320169,26,0,0,0,,,,
16.43350053,10.56290037,57,-11.20330497,25,0,0,0,,,,
16.46549416,10.56290037,57,-10.85320169,26,-1,0,0,,,,
16.49721146,10.56290037,57,-10.85320169,26,0,0,0,,,,
16.5295558,10.56290037,57,-10.85320169,26,0,0,0,,,,
16.56154203,10.56290037,57,-10.85320169,26,1,0,0,,,,
16.59309626,10.56290037,57,-11.20330497,25,0,0,0,,,,
16.6251173,10.56290037,57,-11.20330497,25,0,0,0,,,,
16.65707874,10.56290037,57,-10.85320169,26,-1,0,0,,,,
16.68895221,10.56290037,57,-10.50309841,27,0,0,0,,,,
16.72117972,10.56290037,57,-10.85320169,26,0,0,0,,,,
16.7524879,10.22216165,56,-11.55340826,24,0,0,0,,,,
16.78469181,10.56290037,57,-11.20330497,25,0,1,0,,,,
16.81712103,10.56290037,57,-11.20330497,25,0,0,0,,,,
16.84917712,10.56290037,57,-11.20330497,25,0,0,0,,,,
16.88111567,10.56290037,57,-11.20330497,25,0,0,0,,,,
16.91326094,10.56290037,57,-10.85320169,26,-1,0,0,,,,
16.9447763,10.56290037,57,-11.20330497,25,0,0,0,,,,
16.97731519,10.56290037,57,-10.85320169,26,0,0,0,,,,
17.00881433,10.56290037,57,-11.20330497,25,0,0,0,,,,
17.04141951,10.56290037,57,-11.20330497,25,-1,0,0,,,,
17.07346773,10.90363909,58,-11.20330497,25,0,0,0,,,,
17.1049118,11.58511653,60,-10.85320169,26,0,0,0,,,,
17.1369369,10.56290037,57,-10.85320169,26,0,0,0,,,,
17.16930199,10.56290037,57,-11.20330497,25,0,-1,0,,,,
17.20139313,10.56290037,57,-11.20330497,25,0,0,0,,,,
17.2328527,10.56290037,57,-11.55340826,24,0,0,0,,,,
17.26495957,10.56290037,57,-11.20330497,25,0,0,0,,,,
17.29751468,10.56290037,57,-11.20330497,25,-1,-1,0,,,,
17.32955289,10.56290037,57,-10.85320169,26,0,-1,0,,,,
17.36150122,10.56290037,57,-11.20330497,25,0,0,0,,,,
17.39365458,10.56290037,57,-11.20330497,25,0,0,0,,,,
17.42513561,10.56290037,57,-11.20330497,25,0,0,0,,,,
17.45697212,10.56290037,57,-11.20330497,25,0,0,0,,,,
17.48937249,10.56290037,57,-11.20330497,25,0,1,0,,,,
17.52143216,10.56290037,57,-10.85320169,26,-1,0,0,,,,
17.55345035,10.56290037,57,-11.20330497,25,0,0,0,,,,
17.58550334,10.56290037,57,-11.20330497,25,0,0,0,,,,
17.61755133,10.90363909,58,-10.85320169,26,0,0,0,,,,
17.64929032,10.56290037,57,-11.20330497,25,0,0,0,,,,
17.68130159,10.90363909,58,-11.20330497,25,0,0,0,,,,
17.71369076,9.881422925,55,-11.20330497,25,-1,1,0,,,,
17.74577785,10.56290037,57,-10.85320169,26,0,0,0,,,,
17.77763224,10.56290037,57,-11.20330497,25,0,1,0,,,,
17.8096509,10.90363909,58,-10.85320169,26,0,0,0,,,,
17.84152913,10.56290037,57,-10.85320169,26,-1,0,0,,,,
17.87350941,10.56290037,57,-11.20330497,25,0,0,0,,,,
17.90597105,10.56290037,57,-11.20330497,25,0,-1,0,,,,
17.93775535,10.56290037,57,-11.55340826,24,0,1,0,,,,
17.9698956,10.90363909,58,-11.20330497,25,-1,-1,0,,,,
18.00196052,10.56290037,57,-10.85320169,26,0,0,0,,,,
18.03372097,10.56290037,57,-11.55340826,24,0,0,0,,,,
18.06592178,10.56290037,57,-10.85320169,26,0,-1,0,,,,
18.09802651,10.56290037,57,-11.20330497,25,0,0,0,,,,
18.13002038,10.56290037,57,-10.85320169,26,0,0,0,,,,
18.16201448,10.56290037,57,-10.85320169,26,0,1,0,,,,
18.19433379,10.56290037,57,-10.85320169,26,0,0,0,,,,
18.22578239,10.56290037,57,-11.20330497,25,1,0,0,,,,
18.2577107,10.56290037,57,-10.85320169,26,0,-1,0,,,,
18.28963518,10.56290037,57,-11.20330497,25,0,-1,0,,,,
18.32210016,10.90363909,58,-11.90351154,23,0,1,0,,,,
18.3536756,10.90363909,58,-10.85320169,26,-1,0,0,,,,
18.38622212,10.56290037,57,-10.85320169,26,0,0,0,,,,
18.41813111,10.56290037,57,-10.85320169,26,0,0,0,,,,
18.44986916,10.56290037,57,-10.85320169,26,0,0,0,,,,
18.48216462,10.56290037,57,-10.85320169,26,-1,0,0,,,,
18.51392961,10.56290037,57,-10.85320169,26,0,0,0,,,,
18.54638982,9.881422925,55,-10.85320169,26,0,0,0,,,,
18.57819867,10.56290037,57,-10.85320169,26,0,0,0,,,,
18.60989475,10.90363909,58,-10.85320169,26,0,0,0,,,,
18.64207911,10.56290037,57,-10.50309841,27,-1,0,0,,,,
18.67393684,10.56290037,57,-11.20330497,25,-1,0,0,,,,
18.70653439,10.56290037,57,-10.85320169,26,-1,1,0,,,,
18.73826551,10.56290037,57,-10.85320169,26,0,0,0,,,,
18.77057147,10.56290037,57,-11.20330497,25,0,0,0,,,,
18.80258536,10.56290037,57,-10.85320169,26,0,0,0,,,,
18.83414674,10.90363909,58,-10.85320169,26,0,0,0,,,,
18.86663008,10.56290037,57,-11.20330497,25,0,0,0,,,,
18.89866447,10.56290037,57,-11.20330497,25,-1,0,0,,,,
18.93081474,10.56290037,57,-10.85320169,26,0,-1,0,,,,
18.96238184,10.56290037,57,-11.90351154,23,0,0,0,,,,
18.99429893,10.56290037,57,-10.85320169,26,-1,1,0,,,,
19.02630234,10.56290037,57,-11.20330497,25,0,0,0,,,,
19.05832505,10.56290037,57,-10.85320169,26,0,1,0,,,,
19.09029078,9.881422925,55,-10.85320169,26,0,0,0,,,,
19.1229825,10.90363909,58,-10.85320169,26,0,0,0,,,,
19.15487742,10.56290037,57,-11.20330497,25,0,0,0,,,,
19.18677139,10.90363909,58,-11.20330497,25,0,0,0,,,,
19.21886206,10.56290037,57,-11.20330497,25,0,0,0,,,,
19.25089693,10.90363909,58,-11.90351154,23,0,0,0,,,,
19.28278923,10.56290037,57,-11.20330497,25,-1,-1,0,,,,
19.31462002,10.56290037,57,-10.85320169,26,0,0,0,,,,
19.3468852,9.881422925,55,-10.50309841,27,0,0,0,,,,
19.37910438,10.90363909,58,-10.85320169,26,0,-1,0,,,,
19.41105986,10.90363909,58,-11.20330497,25,-1,1,0,,,,
19.44287372,10.56290037,57,-10.85320169,26,-1,0,0,,,,
19.47453022,10.56290037,57,-10.85320169,26,-1,0,0,,,,
19.50694013,10.56290037,57,-10.85320169,26,0,0,0,,,,
19.53929758,10.22216165,56,-10.85320169,26,-1,0,0,,,,
19.57106209,10.56290037,57,-11.20330497,25,0,1,0,,,,
19.60308862,10.56290037,57,-11.20330497,25,0,0,0,,,,
19.63453794,10.56290037,57,-10.85320169,26,-1,0,0,,,,
19.66704059,10.56290037,57,-11.20330497,25,0,0,0,,,,
19.69882226,11.58511653,60,-10.85320169,26,0,1,0,,,,
19.73122263,10.56290037,57,-11.20330497,25,0,0,0,,,,
19.76317811,10.56290037,57,-11.20330497,25,0,0,0,,,,
19.79533815,10.56290037,57,-10.85320169,26,0,0,0,,,,
19.82698703,10.56290037,57,-11.20330497,25,0,0,0,,,,
19.85923028,10.56290037,57,-10.50309841,27,0,0,0,,,,
19.89130282,10.56290037,57,-10.85320169,26,-1,0,0,,,,
19.92327428,10.56290037,57,-11.20330497,25,-1,0,0,,,,
19.95545936,10.56290037,57,-11.20330497,25,0,0,0,,,,
19.98685884,10.56290037,57,-11.20330497,25,-1,0,0,,,,
20.01951885,10.56290037,57,-11.20330497,25,0,0,0,,,,
20.05127001,10.56290037,57,-10.85320169,26,0,-1,0,,,,
20.08337712,10.22216165,56,-11.55340826,24,1,0,0,,,,
20.11551237,10.56290037,57,-10.85320169,26,-1,0,0,,,,
20.14741635,10.56290037,57,-11.20330497,25,0,0,0,,,,
20.17958307,10.56290037,57,-10.85320169,26,-1,0,0,,,,
20.21141768,10.22216165,56,-10.15299513,28,0,0,0,,,,
20.24330735,10.56290037,57,-10.85320169,26,0,0,0,,,,
20.27540183,10.56290037,57,-11.20330497,25,-1,0,0,,,,
20.30734205,10.56290037,57,-11.20330497,25,0,1,0,,,,
20.33956194,10.56290037,57,-11.20330497,25,0,-1,0,,,,
20.37222767,10.56290037,57,-11.55340826,24,-1,0,0,,,,
20.40328622,10.56290037,57,-10.85320169,26,0,0,0,,,,
20.43579054,10.56290037,57,-10.85320169,26,-1,0,0,,,,
20.46781063,9.881422925,55,-10.85320169,26,0,0,0,,,,
20.49984145,10.90363909,58,-10.85320169,26,0,0,0,,,,
20.53198719,10.56290037,57,-10.85320169,26,0,0,0,,,,
20.56349158,10.56290037,57,-10.85320169,26,0,0,0,,,,
20.59578657,10.56290037,57,-10.85320169,26,0,0,0,,,,
20.62799215,10.56290037,57,-11.20330497,25,0,0,0,,,,
20.65985918,10.22216165,56,-10.15299513,28,0,1,0,,,,
20.69157124,10.56290037,57,-11.20330497,25,0,-1,0,,,,
20.7240088,10.56290037,57,-10.85320169,26,-1,0,0,,,,
20.75598407,10.56290037,57,-11.20330497,25,0,0,0,,,,
20.78779984,10.56290037,57,-10.85320169,26,0,0,0,,,,
20.81987023,10.56290037,57,-11.20330497,25,0,0,0,,,,
20.85166979,10.56290037,57,-10.85320169,26,-1,0,0,,,,
20.88412046,10.56290037,57,-10.85320169,26,-1,1,0,,,,
20.9156642,10.56290037,57,-10.85320169,26,0,0,0,,,,
20.94813848,10.56290037,57,-11.20330497,25,0,-1,0,,,,
20.98015499,10.56290037,57,-10.85320169,26,0,0,0,,,,
21.01221991,10.56290037,57,-10.85320169,26,0,0,0,,,,
21.0442574,10.56290037,57,-11.55340826,24,0,0,0,,,,
21.07590866,10.56290037,57,-10.85320169,26,0,0,0,,,,
21.10824895,10.56290037,57,-10.85320169,26,0,0,0,,,,
21.1402967,11.24437781,59,-11.20330497,25,0,-1,0,,,,
21.17232895,10.56290037,57,-11.20330497,25,0,1,0,,,,
21.2045126,10.56290037,57,-11.20330497,25,0,-1,0,,,,
21.23616552,10.56290037,57,-11.20330497,25,0,0,0,,,,
21.26833677,10.56290037,57,-11.20330497,25,0,0,0,,,,
21.30046296,10.22216165,56,-10.85320169,26,0,0,0,,,,
21.33236623,10.56290037,57,-11.55340826,24,0,0,0,,,,
21.36448741,10.56290037,57,-11.20330497,25,0,0,0,,,,
21.39604783,10.56290037,57,-10.85320169,26,-1,0,0,,,,
21.42849493,10.56290037,57,-10.85320169,26,0,-1,0,,,,
21.46012259,10.22216165,56,-11.20330497,25,0,0,0,,,,
21.4924705,10.56290037,57,-11.20330497,25,0,1,0,,,,
21.52444172,10.56290037,57,-11.20330497,25,0,-1,0,,,,
21.55617738,10.56290037,57,-10.85320169,26,0,0,0,,,,
21.5883193,10.90363909,58,-11.20330497,25,0,0,0,,,,
21.6207099,10.56290037,57,-10.85320169,26,0,0,0,,,,
21.65228987,10.56290037,57,-10.85320169,26,0,0,0,,,,
21.68471408,10.56290037,57,-11.20330497,25,0,0,0,,,,
21.71671796,10.56290037,57,-11.20330497,25,0,0,0,,,,
21.74876356,10.56290037,57,-11.20330497,25,0,0,0,,,,
21.78101993,10.56290037,57,-10.85320169,26,0,0,0,,,,
21.81260276,10.90363909,58,-11.55340826,24,0,0,0,,,,
21.84473133,10.56290037,57,-11.20330497,25,-1,0,0,,,,
21.87658286,10.56290037,57,-10.85320169,26,0,0,0,,,,
21.9087019,10.56290037,57,-10.85320169,26,0,0,0,,,,
21.94098711,10.56290037,57,-10.85320169,26,-1,0,0,,,,
21.97297502,10.56290037,57,-11.20330497,25,0,0,0,,,,
22.00522637,10.56290037,57,-11.20330497,25,0,0,0,,,,
22.0364759,10.56290037,57,-11.20330497,25,0,0,0,,,,
22.06929779,10.90363909,58,-11.55340826,24,0,0,0,,,,
22.1008513,10.90363909,58,-10.50309841,27,0,0,0,,,,
22.13296485,9.881422925,55,-11.20330497,25,-1,0,0,,,,
22.16481352,10.56290037,57,-10.85320169,26,-1,0,0,,,,
22.19702888,10.90363909,58,-11.20330497,25,0,0,0,,,,
22.22918773,10.90363909,58,-11.20330497,25,-1,0,0,,,,
22.26098514,10.90363909,58,-11.20330497,25,0,0,0,,,,
22.2927022,10.56290037,57,-11.20330497,25,0,1,0,,,,
22.32531118,10.56290037,57,-11.20330497,25,0,0,0,,,,
22.35726237,10.56290037,57,-11.20330497,25,0,0,0,,,,
22.38927174,10.56290037,57,-10.85320169,26,0,0,0,,,,
22.42170978,10.90363909,58,-11.20330497,25,0,1,0,,,,
22.45330715,10.56290037,57,-11.20330497,25,0,1,0,,,,
22.48530602,10.56290037,57,-11.20330497,25,0,1,0,,,,
22.51735973,10.56290037,57,-10.85320169,26,0,1,0,,,,
22.5493207,10.22216165,56,-11.20330497,25,0,1,0,,,,
22.58113933,10.56290037,57,-10.85320169,26,0,0,0,,,,
22.61330009,10.56290037,57,-10.85320169,26,0,1,0,,,,
22.64527631,10.56290037,57,-10.85320169,26,-1,0,0,,,,
22.67700553,10.56290037,57,-10.85320169,26,0,1,0,,,,
22.70907164,10.56290037,57,-10.85320169,26,0,1,0,,,,
22.74111319,10.56290037,57,-11.20330497,25,0,1,0,,,,
22.77341104,10.56290037,57,-10.85320169,26,0,0,0,,,,
22.80532384,10.56290037,57,-11.20330497,25,0,-1,0,,,,
22.8381052,10.56290037,57,-10.85320169,26,0,0,0,,,,
22.86934757,10.56290037,57,-11.55340826,24,0,0,0,,,,
22.90151763,10.90363909,58,-11.20330497,25,-1,0,0,,,,
22.93344617,10.56290037,57,-11.20330497,25,0,0,0,,,,
22.96560049,10.56290037,57,-10.85320169,26,0,0,0,,,,
22.99764872,10.90363909,58,-11.55340826,24,-1,0,0,,,,
23.02947545,10.56290037,57,-11.20330497,25,0,0,0,,,,
23.06171346,10.56290037,57,-10.85320169,26,0,0,0,,,,
23.09373784,9.881422925,55,-11.20330497,25,0,0,0,,,,
23.12583375,10.56290037,57,-10.85320169,26,0,1,0,,,,
23.15785098,10.56290037,57,-11.20330497,25,0,0,0,,,,
23.18914413,10.90363909,58,-10.85320169,26,0,0,0,,,,
23.22159243,10.56290037,57,-11.20330497,25,0,0,0,,,,
23.2540319,10.56290037,57,-11.20330497,25,-1,0,0,,,,
23.28556848,10.56290037,57,-11.20330497,25,0,0,0,,,,
23.31745648,10.56290037,57,-11.20330497,25,0,0,0,,,,
23.34952664,10.56290037,57,-11.20330497,25,0,0,0,,,,
23.38161778,10.22216165,56,-10.85320169,26,0,0,0,,,,
23.41394019,10.56290037,57,-11.20330497,25,0,1,0,,,,
23.44563341,10.90363909,58,-11.20330497,25,0,0,0,,,,
23.47797918,10.56290037,57,-11.20330497,25,0,0,0,,,,
23.5097692,10.56290037,57,-10.85320169,26,0,0,0,,,,
23.54211593,10.56290037,57,-11.20330497,25,0,0,0,,,,
23.57340741,10.56290037,57,-10.85320169,26,0,-1,0,,,,
23.60568047,9.881422925,55,-10.50309841,27,0,0,0,,,,
23.63810802,10.56290037,57,-11.55340826,24,0,0,0,,,,
23.67010379,10.90363909,58,-10.85320169,26,0,0,0,,,,
23.70203304,10.56290037,57,-10.85320169,26,0,0,0,,,,
23.73405623,10.56290037,57,-11.20330497,25,0,0,0,,,,
23.76616693,10.56290037,57,-11.20330497,25,0,1,0,,,,
23.79814911,10.56290037,57,-11.20330497,25,0,0,0,,,,
23.82978106,10.56290037,57,-11.20330497,25,0,0,0,,,,
23.86219072,10.56290037,57,-10.15299513,28,0,-1,0,,,,
23.89438295,10.56290037,57,-11.20330497,25,-1,0,0,,,,
23.92640996,10.56290037,57,-11.20330497,25,-1,0,0,,,,
23.95834231,10.90363909,58,-11.55340826,24,0,-1,0,,,,
23.99013114,10.56290037,57,-10.85320169,26,0,0,0,,,,
24.0219059,9.881422925,55,-11.20330497,25,0,-1,0,,,,
24.05441046,10.56290037,57,-11.20330497,25,-1,-1,0,,,,
24.08647561,10.56290037,57,-10.85320169,26,0,0,0,,,,
24.11846662,10.56290037,57,-10.85320169,26,0,0,0,,,,
24.15035439,10.90363909,58,-10.85320169,26,-1,1,0,,,,
24.18193841,10.56290037,57,-10.85320169,26,0,0,0,,,,
24.21406364,10.56290037,57,-10.85320169,26,0,1,0,,,,
24.24613357,10.56290037,57,-10.85320169,26,0,0,0,,,,
24.27856755,10.56290037,57,-10.85320169,26,0,0,0,,,,
24.31059194,10.56290037,57,-10.85320169,26,0,0,0,,,,
24.34238386,10.56290037,57,-11.20330497,25,0,0,0,,,,
24.37461424,10.56290037,57,-10.15299513,28,0,0,0,,,,
24.40681958,10.22216165,56,-11.20330497,25,-1,0,0,,,,
24.43869519,10.22216165,56,-10.85320169,26,0,0,0,,,,
24.47050953,10.56290037,57,-10.85320169,26,0,0,0,,,,
24.50229192,10.56290037,57,-10.85320169,26,0,0,0,,,,
24.53458595,10.90363909,58,-11.20330497,25,0,0,0,,,,
24.5663588,10.56290037,57,-11.20330497,25,0,0,0,,,,
24.59865165,10.56290037,57,-10.85320169,26,0,0,0,,,,
24.63077998,10.22216165,56,-11.20330497,25,0,0,0,,,,
24.66247034,10.56290037,57,-11.20330497,25,0,0,0,,,,
24.69472265,10.90363909,58,-11.20330497,25,0,0,0,,,,
24.72694039,10.90363909,58,-10.85320169,26,0,0,0,,,,
24.75912237,10.56290037,57,-11.20330497,25,0,0,0,,,,
24.79058075,10.56290037,57,-11.20330497,25,0,0,0,,,,
24.82259321,10.56290037,57,-10.85320169,26,-1,0,0,,,,
24.85474539,10.56290037,57,-10.85320169,26,0,1,0,,,,
24.88687825,10.56290037,57,-11.55340826,24,0,-1,0,,,,
24.91870618,10.56290037,57,-11.20330497,25,0,0,0,,,,
24.95088339,10.56290037,57,-11.55340826,24,0,-1,0,,,,
24.98260832,11.58511653,60,-11.20330497,25,-1,0,0,,,,
25.01452661,10.22216165,56,-11.55340826,24,-1,0,0,,,,
25.04667282,10.56290037,57,-11.20330497,25,0,0,0,,,,
25.07892847,10.56290037,57,-11.20330497,25,-1,-1,0,,,,
25.1111393,10.56290037,57,-10.85320169,26,0,0,0,,,,
25.14317727,9.881422925,55,-11.20330497,25,0,0,0,,,,
25.17512512,10.90363909,58,-10.85320169,26,0,0,0,,,,
25.20716596,10.56290037,57,-11.20330497,25,0,1,0,,,,
25.23903155,10.56290037,57,-10.85320169,26,0,0,0,,,,
25.2713418,10.56290037,57,-10.85320169,26,0,0,0,,,,
25.30304122,10.90363909,58,-11.20330497,25,0,0,0,,,,
25.33451605,10.56290037,57,-10.85320169,26,0,-1,0,,,,
25.36712146,10.56290037,57,-10.85320169,26,-1,0,0,,,,
25.39928389,10.22216165,56,-10.85320169,26,0,1,0,,,,
25.43122816,10.56290037,57,-11.20330497,25,-1,0,0,,,,
25.46341777,10.56290037,57,-10.85320169,26,0,0,0,,,,
25.49527192,10.56290037,57,-10.85320169,26,0,1,0,,,,
25.52747607,10.90363909,58,-11.20330497,25,0,0,0,,,,
25.55903649,10.90363909,58,-10.85320169,26,0,0,0,,,,
25.5910387,10.22216165,56,-10.85320169,26,0,-1,0,,,,
25.62353587,10.56290037,57,-10.85320169,26,0,0,0,,,,
25.65564966,10.56290037,57,-11.20330497,25,0,0,0,,,,
25.68747425,10.90363909,58,-10.50309841,27,0,0,0,,,,
25.71939135,10.56290037,57,-10.85320169,26,0,0,0,,,,
25.75114012,10.56290037,57,-10.85320169,26,0,0,0,,,,
25.78345108,10.56290037,57,-10.85320169,26,0,1,0,,,,
25.81517124,10.56290037,57,-11.20330497,25,-1,0,0,,,,
25.84724045,10.56290037,57,-10.85320169,26,0,0,0,,,,
25.87957525,10.56290037,57,-11.20330497,25,0,0,0,,,,
25.91140938,10.56290037,57,-11.20330497,25,-1,0,0,,,,
25.94331861,10.56290037,57,-10.85320169,26,0,0,0,,,,
25.97483563,10.56290037,57,-11.20330497,25,-1,0,0,,,,
26.0073669,10.56290037,57,-10.85320169,26,-1,0,0,,,,
26.03889728,10.56290037,57,-11.55340826,24,0,0,0,,,,
26.07142949,10.56290037,57,-11.20330497,25,0,0,0,,,,
26.10360241,10.56290037,57,-10.85320169,26,0,0,0,,,,
26.13562322,10.56290037,57,-10.85320169,26,0,0,0,,,,
26.1679883,10.56290037,57,-11.55340826,24,0,0,0,,,,
26.20068002,10.56290037,57,-11.20330497,25,0,0,0,,,,
26.23239827,10.56290037,57,-11.20330497,25,0,0,0,,,,
26.26400423,10.56290037,57,-10.85320169,26,0,1,0,,,,
26.29598188,10.22216165,56,-11.20330497,25,0,0,0,,,,
26.32798815,10.90363909,58,-11.20330497,25,0,0,0,,,,
26.36002707,10.56290037,57,-10.85320169,26,0,0,0,,,,
26.3919735,10.56290037,57,-10.85320169,26,-1,0,0,,,,
26.42345071,10.22216165,56,-11.20330497,25,0,0,0,,,,
26.45561934,10.56290037,57,-11.20330497,25,0,1,0,,,,
26.48754406,10.56290037,57,-10.85320169,26,-1,0,0,,,,
26.52000833,10.56290037,57,-10.85320169,26,0,0,0,,,,
26.55194354,10.22216165,56,-10.85320169,26,0,1,0,,,,
26.5842402,10.56290037,57,-11.20330497,25,0,0,0,,,,
26.61572146,10.56290037,57,-11.55340826,24,1,0,0,,,,
26.648247,11.58511653,60,-10.85320169,26,-1,0,0,,,,
26.67978621,10.56290037,57,-11.20330497,25,0,0,0,,,,
26.71179891,10.56290037,57,-10.85320169,26,0,0,0,,,,
26.74419069,10.56290037,57,-10.85320169,26,-1,1,0,,,,
26.7763319,10.56290037,57,-10.85320169,26,0,-1,0,,,,
26.80834889,10.56290037,57,-10.50309841,27,0,0,0,,,,
26.83988357,10.56290037,57,-10.85320169,26,0,0,0,,,,
26.87168527,10.56290037,57,-11.20330497,25,-1,0,0,,,,
26.90398431,10.56290037,57,-10.85320169,26,0,0,0,,,,
26.93577433,10.56290037,57,-11.20330497,25,0,0,0,,,,
26.96811414,11.24437781,59,-10.85320169,26,-1,0,0,,,,
27.00033569,10.56290037,57,-11.55340826,24,-1,0,0,,,,
27.03239512,11.24437781,59,-10.85320169,26,0,0,0,,,,
27.06450677,10.56290037,57,-11.20330497,25,0,0,0,,,,
27.09603667,10.56290037,57,-11.20330497,25,0,0,0,,,,
27.12808514,10.56290037,57,-11.20330497,25,-1,0,0,,,,
27.16011977,10.56290037,57,-11.20330497,25,0,0,0,,,,
27.19271612,10.56290037,57,-11.20330497,25,0,0,0,,,,
27.22434568,11.24437781,59,-10.85320169,26,-1,0,0,,,,
27.25748992,10.56290037,57,-11.20330497,25,0,0,0,,,,
27.28817034,10.56290037,57,-11.20330497,25,0,0,0,,,,
27.32066727,10.56290037,57,-10.85320169,26,0,0,0,,,,
27.35240149,10.56290037,57,-10.85320169,26,0,0,0,,,,
27.38433623,10.56290037,57,-10.85320169,26,0,0,0,,,,
27.41617393,10.56290037,57,-10.85320169,26,0,0,0,,,,
27.448704,10.56290037,57,-10.85320169,26,-1,0,0,,,,
27.48071122,10.56290037,57,-11.20330497,25,0,0,0,,,,
27.51241517,10.56290037,57,-11.20330497,25,0,-1,0,,,,
27.54461813,10.56290037,57,-10.85320169,26,-1,0,0,,,,
27.57715535,9.881422925,55,-11.20330497,25,-1,-1,0,,,,
27.60842371,10.56290037,57,-10.85320169,26,0,-1,0,,,,
27.64080262,10.56290037,57,-10.85320169,26,0,-1,0,,,,
27.67308736,10.56290037,57,-11.20330497,25,0,1,0,,,,
27.70420313,10.56290037,57,-11.20330497,25,-1,0,0,,,,
27.73773766,10.56290037,57,-10.50309841,27,-1,0,0,,,,
27.76874781,9.881422925,55,-10.85320169,26,0,1,0,,,,
27.80077815,10.56290037,57,-10.85320169,26,-1,1,0,,,,
27.83230853,10.56290037,57,-10.85320169,26,-1,0,0,,,,
27.86433911,10.56290037,57,-10.85320169,26,0,0,0,,,,
27.89636993,10.90363909,58,-11.20330497,25,-1,0,0,,,,
27.92917895,10.90363909,58,-10.85320169,26,-1,0,0,,,,
27.96080232,10.56290037,57,-11.20330497,25,-1,0,0,,,,
27.99307323,10.56290037,57,-11.20330497,25,0,1,0,,,,
28.02541733,10.56290037,57,-11.20330497,25,0,0,0,,,,
28.05723834,10.56290037,57,-11.20330497,25,0,0,0,,,,
28.0889287,10.56290037,57,-10.85320169,26,0,1,0,,,,
28.12058806,10.56290037,57,-11.20330497,25,0,0,0,,,,
28.15311694,10.90363909,58,-10.85320169,26,0,0,0,,,,
28.18546963,10.56290037,57,-11.20330497,25,1,1,0,,,,
28.21687627,10.56290037,57,-11.20330497,25,0,0,0,,,,
28.24833298,10.56290037,57,-10.85320169,26,0,0,0,,,,
28.28036356,10.56290037,57,-10.85320169,26,-1,-1,0,,,,
28.31239438,11.58511653,60,-11.20330497,25,-1,0,0,,,,
28.3444252,10.56290037,57,-10.85320169,26,-1,0,0,,,,
28.37645483,10.56290037,57,-10.85320169,26,0,0,0,,,,
28.40898657,10.56290037,57,-10.85320169,26,0,-1,0,,,,
28.44104147,10.56290037,57,-10.85320169,26,0,0,0,,,,
28.47311187,10.90363909,58,-11.20330497,25,0,0,0,,,,
28.50517774,10.56290037,57,-11.20330497,25,0,-1,0,,,,
28.53738904,10.56290037,57,-10.15299513,28,0,0,0,,,,
28.56907129,10.22216165,56,-11.20330497,25,-1,1,0,,,,
28.60178924,10.56290037,57,-10.85320169,26,-1,0,0,,,,
28.6331706,10.56290037,57,-10.85320169,26,0,0,0,,,,
28.66553569,10.56290037,57,-11.20330497,25,0,0,0,,,,
28.69753551,10.56290037,57,-11.20330497,25,0,1,0,,,,
28.72971129,10.90363909,58,-10.85320169,26,0,0,0,,,,
28.76187348,10.56290037,57,-10.85320169,26,0,0,0,,,,
28.79343963,10.56290037,57,-10.85320169,26,-1,0,0,,,,
28.82564473,10.56290037,57,-10.85320169,26,0,0,0,,,,
28.85735393,10.22216165,56,-10.15299513,28,0,-1,0,,,,
28.88974166,10.56290037,57,-11.20330497,25,0,0,0,,,,
28.92139149,10.56290037,57,-11.20330497,25,0,0,0,,,,
28.95380259,10.90363909,58,-11.20330497,25,0,-1,0,,,,
28.98576403,10.56290037,57,-10.85320169,26,0,0,0,,,,
29.01778889,10.56290037,57,-10.85320169,26,0,0,0,,,,
29.04985237,10.56290037,57,-11.20330497,25,0,0,0,,,,
29.08104181,10.56290037,57,-10.85320169,26,0,0,0,,,,
29.1130724,10.56290037,57,-11.20330497,25,0,0,0,,,,
29.14510322,10.56290037,57,-10.85320169,26,0,0,0,,,,
29.17713499,10.56290037,57,-11.20330497,25,0,0,0,,,,
29.20916533,10.90363909,58,-10.85320169,26,0,0,0,,,,
29.24169707,10.56290037,57,-10.85320169,26,0,0,0,,,,
29.27378154,10.56290037,57,-11.20330497,25,0,0,0,,,,
29.30575633,10.90363909,58,-11.20330497,25,0,0,0,,,,
29.33771253,10.56290037,57,-11.20330497,25,0,0,0,,,,
29.36971998,10.56290037,57,-11.20330497,25,0,1,0,,,,
29.40194416,10.56290037,57,-10.85320169,26,0,0,0,,,,
29.43377137,10.56290037,57,-11.20330497,25,0,0,0,,,,
29.46619487,10.56290037,57,-10.50309841,27,0,0,0,,,,
29.49781275,10.56290037,57,-11.20330497,25,0,0,0,,,,
29.52984142,10.56290037,57,-11.20330497,25,0,0,0,,,,
29.5621829,10.56290037,57,-10.85320169,26,0,0,0,,,,
29.59429312,10.56290037,57,-10.50309841,27,0,0,0,,,,
29.62632775,10.56290037,57,-11.20330497,25,0,0,0,,,,
29.6582849,10.56290037,57,-11.55340826,24,0,-1,0,,,,
29.69050694,10.56290037,57,-10.85320169,26,0,0,0,,,,
29.72225857,10.56290037,57,-11.20330497,25,0,1,0,,,,
29.75421572,10.56290037,57,-11.20330497,25,0,0,0,,,,
29.78594255,10.56290037,57,-10.85320169,26,0,0,0,,,,
29.81842184,11.58511653,60,-10.85320169,26,0,0,0,,,,
29.8500514,10.56290037,57,-11.20330497,25,0,1,0,,,,
29.88229966,10.56290037,57,-10.85320169,26,0,1,0,,,,
29.91445065,10.56290037,57,-11.55340826,24,0,0,0,,,,
29.94631672,10.56290037,57,-10.85320169,26,0,0,0,,,,
29.97846508,10.56290037,57,-11.20330497,25,0,0,0,,,,
30.01035476,10.56290037,57,-11.20330497,25,0,0,0,,,,
30.04215026,10.90363909,58,-11.20330497,25,0,0,0,,,,
30.07499027,10.56290037,57,-10.85320169,26,-1,0,0,,,,
30.10706377,10.56290037,57,-11.20330497,25,-1,0,0,,,,
30.13924766,10.56290037,57,-10.85320169,26,0,0,0,,,,
30.17051959,10.56290037,57,-10.85320169,26,0,0,0,,,,
30.20277095,10.56290037,57,-11.55340826,24,0,0,0,,,,
30.23427391,10.56290037,57,-11.20330497,25,-1,0,0,,,,
30.26630402,10.56290037,57,-11.20330497,25,-1,1,0,,,,
30.29783511,10.90363909,58,-10.85320169,26,0,0,0,,,,
30.32986593,9.881422925,55,-10.85320169,26,0,0,0,,,,
30.36239648,10.56290037,57,-11.20330497,25,-1,0,0,,,,
30.39442754,10.90363909,58,-11.55340826,24,-1,0,0,,,,
30.42649698,10.90363909,58,-11.20330497,25,-1,0,0,,,,
30.45860672,10.90363909,58,-11.55340826,24,-1,0,0,,,,
30.49070621,10.56290037,57,-11.20330497,25,0,1,0,,,,
30.52275705,10.56290037,57,-10.85320169,26,0,0,0,,,,
30.55511379,10.56290037,57,-11.20330497,25,-1,0,0,,,,
30.58708286,10.56290037,57,-10.85320169,26,0,0,0,,,,
30.61888266,10.22216165,56,-11.55340826,24,0,0,0,,,,
30.65143037,10.56290037,57,-10.85320169,26,0,0,0,,,,
30.68296909,10.56290037,57,-11.20330497,25,0,0,0,,,,
30.71511412,10.56290037,57,-10.85320169,26,0,0,0,,,,
30.74704337,10.56290037,57,-11.55340826,24,0,0,0,,,,
30.77922392,10.56290037,57,-11.20330497,25,0,0,0,,,,
30.81080222,10.56290037,57,-10.85320169,26,0,1,0,,,,
30.84285855,10.56290037,57,-10.85320169,26,-1,1,0,,,,
30.8748076,10.56290037,57,-11.20330497,25,0,0,0,,,,
30.9068768,10.56290037,57,-11.20330497,25,0,0,0,,,,
30.93915892,10.56290037,57,-10.85320169,26,0,0,0,,,,
30.97137189,10.22216165,56,-11.20330497,25,0,1,0,,,,
31.00346231,10.56290037,57,-11.20330497,25,0,1,0,,,,
31.03526998,10.56290037,57,-11.20330497,25,0,1,0,,,,
31.0673573,10.90363909,58,-11.55340826,24,0,1,0,,,,
31.09955263,10.56290037,57,-10.85320169,26,0,0,0,,,,
31.13134694,10.56290037,57,-10.85320169,26,0,1,0,,,,
31.16319108,10.56290037,57,-10.85320169,26,0,0,0,,,,
31.19529533,10.56290037,57,-10.50309841,27,0,0,0,,,,
31.22728872,10.22216165,56,-11.20330497,25,0,0,0,,,,
31.25946712,10.56290037,57,-10.85320169,26,0,0,0,,,,
31.29141998,10.90363909,58,-10.85320169,26,-1,0,0,,,,
31.32365918,10.56290037,57,-10.85320169,26,0,0,0,,,,
31.35542345,10.56290037,57,-10.85320169,26,-1,1,0,,,,
31.38791084,10.56290037,57,-10.85320169,26,0,1,0,,,,
31.41903186,10.90363909,58,-10.85320169,26,0,0,0,,,,
31.45106292,10.56290037,57,-10.85320169,26,-1,0,0,,,,
31.48309255,10.56290037,57,-11.20330497,25,0,0,0,,,,
31.51512313,10.56290037,57,-10.85320169,26,0,0,0,,,,
31.54715466,10.56290037,57,-10.85320169,26,0,0,0,,,,
31.57975268,10.56290037,57,-10.85320169,26,0,0,0,,,,
31.61187696,10.56290037,57,-10.85320169,26,0,1,0,,,,
31.64373374,10.56290037,57,-11.20330497,25,0,0,0,,,,
31.67566037,10.56290037,57,-11.20330497,25,0,1,0,,,,
31.7079854,10.56290037,57,-10.85320169,26,0,1,0,,,,
31.73923588,10.56290037,57,-11.20330497,25,0,1,0,,,,
31.7712667,10.56290037,57,-10.85320169,26,0,1,0,,,,
31.80329776,10.90363909,58,-10.85320169,26,0,0,0,,,,
31.83532786,10.56290037,57,-10.85320169,26,0,0,0,,,,
31.86735916,10.56290037,57,-11.20330497,25,0,0,0,,,,
31.89950585,10.22216165,56,-10.85320169,26,0,1,0,,,,
31.93207717,10.56290037,57,-11.20330497,25,0,0,0,,,,
31.96398664,10.56290037,57,-10.85320169,26,0,1,0,,,,
31.99599195,10.56290037,57,-10.85320169,26,0,1,0,,,,
32.02763414,10.90363909,58,-11.90351154,23,0,1,0,,,,
32.05970454,10.56290037,57,-10.85320169,26,0,0,0,,,,
32.09218478,10.56290037,57,-10.85320169,26,0,0,0,,,,
32.12395501,10.56290037,57,-10.85320169,26,0,0,0,,,,
32.15631366,10.56290037,57,-11.20330497,25,0,0,0,,,,
32.18813038,10.56290037,57,-11.20330497,25,0,0,0,,,,
32.22029257,9.881422925,55,-11.20330497,25,0,0,0,,,,
32.25225234,10.56290037,57,-10.85320169,26,-1,0,0,,,,
32.28396392,10.56290037,57,-10.85320169,26,-1,1,0,,,,
32.31577921,10.56290037,57,-11.20330497,25,0,0,0,,,,
32.34823275,10.90363909,58,-11.55340826,24,0,1,0,,,,
32.37987757,10.56290037,57,-11.20330497,25,0,1,0,,,,
32.41144347,10.56290037,57,-10.85320169,26,0,0,0,,,,
32.44347453,10.56290037,57,-11.20330497,25,0,0,0,,,,
32.47550416,10.56290037,57,-10.85320169,26,-1,0,0,,,,
32.5080359,10.56290037,57,-11.90351154,23,0,0,0,,,,
32.53956628,10.56290037,57,-10.85320169,26,0,0,0,,,,
32.57220984,10.56290037,57,-10.85320169,26,-1,0,0,,,,
32.60411072,10.56290037,57,-10.85320169,26,0,0,0,,,,
32.63594651,10.56290037,57,-10.85320169,26,0,0,0,,,,
32.66808033,10.56290037,57,-11.20330497,25,0,0,0,,,,
32.70072699,10.56290037,57,-11.20330497,25,0,0,0,,,,
32.7325573,10.56290037,57,-10.85320169,26,0,-1,0,,,,
32.76406145,10.56290037,57,-11.20330497,25,0,0,0,,,,
32.79602504,10.56290037,57,-10.85320169,26,0,0,0,,,,
32.82825994,10.56290037,57,-11.20330497,25,0,0,0,,,,
32.86059904,10.56290037,57,-11.20330497,25,0,1,0,,,,
32.892658,10.56290037,57,-10.50309841,27,0,0,0,,,,
32.92449641,10.56290037,57,-10.85320169,26,0,0,0,,,,
32.95628142,10.90363909,58,-10.85320169,26,0,0,0,,,,
32.98842335,10.56290037,57,-11.20330497,25,0,0,0,,,,
33.020576,10.90363909,58,-11.20330497,25,0,0,0,,,,
33.05303288,10.56290037,57,-11.20330497,25,0,1,0,,,,
33.08494186,10.56290037,57,-11.20330497,25,0,1,0,,,,
33.11642981,10.56290037,57,-10.85320169,26,0,1,0,,,,
33.14880824,10.56290037,57,-10.85320169,26,0,0,0,,,,
33.18050337,10.56290037,57,-11.20330497,25,0,-1,0,,,,
33.21291184,9.881422925,55,-10.85320169,26,0,0,0,,,,
33.2449348,9.881422925,55,-11.20330497,25,0,1,0,,,,
33.27704167,10.56290037,57,-10.85320169,26,0,0,0,,,,
33.30903149,10.56290037,57,-11.20330497,25,0,0,0,,,,
33.34124064,10.56290037,57,-11.20330497,25,0,0,0,,,,
33.37277126,10.22216165,56,-10.85320169,26,0,0,0,,,,
33.40463519,10.56290037,57,-10.85320169,26,0,0,0,,,,
33.43726492,10.56290037,57,-10.85320169,26,0,0,0,,,,
33.46898103,10.22216165,56,-11.20330497,25,0,1,0,,,,
33.50140166,10.56290037,57,-11.20330497,25,0,0,0,,,,
33.53280878,10.90363909,58,-11.20330497,25,0,0,0,,,,
33.56505227,10.56290037,57,-10.85320169,26,0,0,0,,,,
33.59731674,10.56290037,57,-11.20330497,25,0,0,0,,,,
33.62888503,10.56290037,57,-11.20330497,25,0,0,0,,,,
33.66163969,10.56290037,57,-10.85320169,26,0,0,0,,,,
33.69333744,10.56290037,57,-11.20330497,25,0,0,0,,,,
33.72514939,10.56290037,57,-10.50309841,27,0,0,0,,,,
33.75705504,10.56290037,57,-11.20330497,25,0,0,0,,,,
33.78905153,10.56290037,57,-10.50309841,27,0,0,0,,,,
33.82122946,10.56290037,57,-11.20330497,25,0,1,0,,,,
33.85380173,10.56290037,57,-11.20330497,25,0,0,0,,,,
33.88581491,11.24437781,59,-10.85320169,26,-1,0,0,,,,
33.91732812,10.56290037,57,-11.20330497,25,0,0,0,,,,
33.94949484,10.56290037,57,-10.85320169,26,0,0,0,,,,
33.98162961,10.56290037,57,-10.85320169,26,-1,-1,0,,,,
34.01347351,10.56290037,57,-11.20330497,25,0,1,0,,,,
34.04512191,10.56290037,57,-11.55340826,24,0,0,0,,,,
34.07746983,11.58511653,60,-10.85320169,26,0,0,0,,,,
34.10963154,10.56290037,57,-11.20330497,25,-1,1,0,,,,
34.1412673,10.56290037,57,-10.85320169,26,0,1,0,,,,
34.17331862,10.56290037,57,-11.20330497,25,0,0,0,,,,
34.20579743,10.56290037,57,-10.85320169,26,0,0,0,,,,
34.23742676,10.56290037,57,-10.85320169,26,0,0,0,,,,
34.26958179,10.56290037,57,-11.55340826,24,-1,-1,0,,,,
34.30184126,10.90363909,58,-10.85320169,26,0,0,0,,,,
34.33397126,10.56290037,57,-10.85320169,26,0,1,0,,,,
34.3656323,10.56290037,57,-10.85320169,26,0,0,0,,,,
34.39783978,10.56290037,57,-10.85320169,26,0,0,0,,,,
34.42937016,10.56290037,57,-11.20330497,25,0,0,0,,,,
34.46189022,10.90363909,58,-11.55340826,24,0,0,0,,,,
34.49349809,10.56290037,57,-10.85320169,26,0,0,0,,,,
34.52578282,10.56290037,57,-10.85320169,26,0,0,0,,,,
34.55832219,10.56290037,57,-11.20330497,25,0,0,0,,,,
34.58955026,10.90363909,58,-11.20330497,25,0,0,0,,,,
34.62209058,10.56290037,57,-11.20330497,25,0,1,0,,,,
34.65387917,10.56290037,57,-10.85320169,26,0,0,0,,,,
34.68595886,10.56290037,57,-11.20330497,25,0,0,0,,,,
34.71804428,10.56290037,57,-11.55340826,24,0,0,0,,,,
34.74996972,11.24437781,59,-11.20330497,25,0,0,0,,,,
34.7819612,10.56290037,57,-10.50309841,27,0,0,0,,,,
34.8137033,10.56290037,57,-11.20330497,25,0,0,0,,,,
34.84602165,10.56290037,57,-10.85320169,26,0,0,0,,,,
34.87822843,10.56290037,57,-11.20330497,25,0,1,0,,,,
34.91025329,10.56290037,57,-10.85320169,26,0,0,0,,,,
34.94230604,10.56290037,57,-10.85320169,26,0,1,0,,,,
34.97441268,10.56290037,57,-10.85320169,26,0,1,0,,,,
35.00629115,11.24437781,59,-11.20330497,25,0,1,0,,,,
35.03817773,10.56290037,57,-11.20330497,25,0,1,0,,,,
35.07032394,10.56290037,57,-11.20330497,25,0,0,0,,,,
35.10219979,10.56290037,57,-10.85320169,26,0,0,0,,,,
35.13450599,10.90363909,58,-11.90351154,23,0,0,0,,,,
35.16665936,10.90363909,58,-10.85320169,26,-1,0,0,,,,
35.1983304,9.881422925,55,-10.85320169,26,0,0,0,,,,
35.22998881,10.56290037,57,-11.20330497,25,0,0,0,,,,
35.26235533,10.56290037,57,-11.20330497,25,0,0,0,,,,
35.29447412,10.56290037,57,-10.50309841,27,0,0,0,,,,
35.32649493,10.56290037,57,-10.85320169,26,-1,0,0,,,,
35.35823822,10.56290037,57,-10.85320169,26,0,0,0,,,,
35.3905015,10.56290037,57,-11.20330497,25,0,0,0,,,,
35.42214036,10.56290037,57,-11.20330497,25,0,0,0,,,,
35.45427227,10.56290037,57,-11.20330497,25,0,1,0,,,,
35.48642039,10.56290037,57,-11.20330497,25,-1,0,0,,,,
35.51821971,10.56290037,57,-11.20330497,25,0,0,0,,,,
35.5507648,10.56290037,57,-11.20330497,25,0,0,0,,,,
35.58276033,10.56290037,57,-10.85320169,26,0,1,0,,,,
35.61466146,10.56290037,57,-10.85320169,26,0,0,0,,,,
35.646667,10.56290037,57,-10.85320169,26,0,0,0,,,,
35.67883921,10.56290037,57,-10.85320169,26,0,0,0,,,,
35.71075726,10.56290037,57,-10.85320169,26,0,0,0,,,,
