Time Since Start, Startboard, Stardboard ADC, Port, Port ADC, Front, Back, RPM ,,,
3.703195333,0.681477443,27,-10.15299513,59,56,0,0,,,58
3.735561609,1.022216165,28,-10.15299513,59,58,1,0,,,61
3.767572641,0.681477443,27,-10.15299513,59,57,1,0,,,0.442949207
3.799412012,0.681477443,27,-10.15299513,59,57,1,0,,,
3.831521749,0.681477443,27,-9.802891853,60,57,1,0,,,
3.863610029,0.681477443,27,-10.15299513,59,56,1,0,,,
3.895745516,0.681477443,27,-10.15299513,59,57,0,0,,,
3.927938461,0.681477443,27,-10.15299513,59,58,1,0,,,
3.959533453,0.681477443,27,-10.15299513,59,58,1,0,,,
3.991532803,0.681477443,27,-10.15299513,59,58,1,0,,,
4.023162365,1.022216165,28,-10.15299513,59,57,1,0,,,
4.055504322,0.681477443,27,-10.15299513,59,58,0,0,,,
4.087545633,1.022216165,28,-10.15299513,59,57,1,0,,,
4.119684219,1.022216165,28,-10.15299513,59,57,1,0,,,
4.151605844,0.681477443,27,-10.15299513,59,57,0,0,,,
4.183121443,0.681477443,27,-10.15299513,59,57,1,0,,,
4.215413332,0.681477443,27,-10.15299513,59,57,1,0,,,
4.247385025,1.022216165,28,-10.15299513,59,57,1,0,,,
4.279781818,0.681477443,27,-10.15299513,59,57,1,0,,,
4.311782837,0.681477443,27,-10.15299513,59,57,1,0,,,
4.343861818,1.022216165,28,-10.15299513,59,58,1,0,,,
4.375763893,1.022216165,28,-10.15299513,59,58,1,0,,,
4.407922268,0.681477443,27,-9.802891853,60,58,1,0,,,
4.439525604,0.681477443,27,-10.15299513,59,57,1,0,,,
4.471647263,0.681477443,27,-10.15299513,59,58,1,0,,,
4.503930807,1.022216165,28,-9.802891853,60,57,1,0,,,
4.535410166,0.681477443,27,-10.15299513,59,58,1,0,,,
4.567279339,0.681477443,27,-9.802891853,60,57,1,0,,,
4.599529982,1.022216165,28,-9.802891853,60,57,0,0,,,
4.631917953,1.022216165,28,-10.15299513,59,58,1,0,,,
4.663734674,0.681477443,27,-9.802891853,60,57,1,0,,,
4.696067572,1.022216165,28,-10.15299513,59,57,0,0,,,
4.727792978,0.681477443,27,-10.15299513,59,57,1,0,,,
4.75983119,0.681477443,27,-10.15299513,59,57,1,0,,,
4.792166948,1.022216165,28,-10.15299513,59,58,0,0,,,
4.824052572,0.681477443,27,-10.15299513,59,57,1,0,,,
4.856335402,0.681477443,27,-10.15299513,59,57,0,0,,,
4.887871742,1.022216165,28,-9.802891853,60,58,1,0,,,
4.919950008,0.681477443,27,-9.802891853,60,57,1,0,,,
4.951909781,1.022216165,28,-10.15299513,59,57,0,0,,,
4.983865499,1.022216165,28,-10.15299513,59,57,1,0,,,
5.015996695,1.022216165,28,-10.15299513,59,57,1,0,,,
5.048200369,0.681477443,27,-9.802891853,60,57,1,0,,,
5.07988143,0.681477443,27,-9.802891853,60,57,0,0,,,
5.112534285,0.681477443,27,-10.15299513,59,57,1,0,,,
5.144268036,0.681477443,27,-9.802891853,60,57,1,0,,,
5.176539898,1.022216165,28,-10.15299513,59,57,1,0,,,
5.208455563,0.681477443,27,-10.15299513,59,58,0,0,,,
5.240517139,0.681477443,27,-10.15299513,59,57,0,0,,,
5.272583961,1.022216165,28,-9.802891853,60,57,1,0,,,
5.304224491,0.681477443,27,-10.15299513,59,57,1,0,,,
5.33638072,0.681477443,27,-10.15299513,59,57,0,0,,,
5.368052959,0.681477443,27,-10.15299513,59,57,1,0,,,
5.400051355,1.022216165,28,-10.15299513,59,57,1,0,,,
5.432608604,0.681477443,27,-10.15299513,59,56,0,0,,,
5.46477747,0.681477443,27,-10.15299513,59,56,0,0,,,
5.496688843,0.681477443,27,-10.15299513,59,57,1,0,,,
5.528326273,1.022216165,28,-10.15299513,59,58,1,0,,,
5.560856581,0.681477443,27,-10.15299513,59,57,1,0,,,
5.592510223,0.681477443,27,-10.15299513,59,58,1,0,,,
5.624822855,1.022216165,28,-9.802891853,60,57,1,0,,,
5.656800747,0.681477443,27,-10.15299513,59,58,1,0,,,
5.688875675,1.022216165,28,-10.15299513,59,58,1,0,,,
5.720496178,0.681477443,27,-9.802891853,60,57,1,0,,,
5.753038883,0.681477443,27,-10.15299513,59,58,1,0,,,
5.784685612,0.681477443,27,-10.15299513,59,58,1,0,,,
5.816370964,1.022216165,28,-10.15299513,59,58,0,0,,,
5.848334551,0.681477443,27,-10.15299513,59,58,0,0,,,
5.881158829,0.681477443,27,-10.15299513,59,58,1,0,,,
5.913106918,0.681477443,27,-10.15299513,59,57,1,0,,,
5.94500947,0.681477443,27,-10.15299513,59,58,0,0,,,
5.977118492,0.681477443,27,-10.15299513,59,57,1,0,,,
6.009128094,0.681477443,27,-10.15299513,59,57,1,0,,,
6.041196346,0.681477443,27,-10.15299513,59,57,1,0,,,
6.07312274,0.681477443,27,-10.15299513,59,57,1,0,,,
6.105288982,0.681477443,27,-10.15299513,59,57,1,0,,,
6.137229204,1.022216165,28,-10.15299513,59,58,0,0,,,
6.168870449,0.681477443,27,-10.15299513,59,57,1,0,,,
6.201286316,1.022216165,28,-10.15299513,59,58,1,0,,,
6.233003139,1.022216165,28,-9.802891853,60,58,0,0,,,
6.264740944,1.022216165,28,-10.15299513,59,58,0,0,,,
6.297329426,0.681477443,27,-10.15299513,59,58,0,0,,,
6.329023361,1.022216165,28,-10.15299513,59,57,1,0,,,
6.361397743,1.022216165,28,-10.15299513,59,58,0,0,,,
6.39333272,0.681477443,27,-10.15299513,59,57,0,0,,,
6.425050259,0.681477443,27,-10.15299513,59,57,1,0,,,
6.457551003,0.681477443,27,-9.802891853,60,57,0,0,,,
6.489076614,0.681477443,27,-10.15299513,59,57,0,0,,,
6.521230459,0.681477443,27,-10.15299513,59,57,0,0,,,
6.553556681,0.681477443,27,-9.802891853,60,58,0,0,,,
6.584939241,1.022216165,28,-10.15299513,59,57,1,0,,,
6.617077589,0.681477443,27,-10.15299513,59,57,1,0,,,
6.649427891,1.022216165,28,-10.15299513,59,57,0,0,,,
6.681737185,0.681477443,27,-10.15299513,59,58,1,0,,,
6.713724375,0.681477443,27,-10.15299513,59,57,1,0,,,
6.745414495,1.022216165,28,-10.15299513,59,57,1,0,,,
6.777773619,1.022216165,28,-10.15299513,59,58,1,0,,,
6.809664011,0.681477443,27,-10.15299513,59,58,1,0,,,
6.84181428,0.681477443,27,-10.15299513,59,58,1,0,,,
6.873607635,1.022216165,28,-9.802891853,60,56,1,0,,,
6.905692577,0.681477443,27,-10.15299513,59,58,1,0,,,
6.937672615,0.681477443,27,-9.802891853,60,58,1,0,,,
6.96988821,1.022216165,28,-10.15299513,59,57,1,0,,,
7.001944304,0.681477443,27,-10.15299513,59,57,1,0,,,
7.033681631,0.681477443,27,-10.15299513,59,58,1,0,,,
7.065384388,0.681477443,27,-10.15299513,59,57,1,0,,,
7.097777843,0.681477443,27,-10.15299513,59,57,1,0,,,
7.129587173,0.681477443,27,-10.15299513,59,57,1,0,,,
7.161550999,1.022216165,28,-10.15299513,59,58,1,0,,,
7.193639755,0.681477443,27,-10.15299513,59,58,0,0,,,
7.226014853,0.681477443,27,-10.15299513,59,57,1,0,,,
7.257661104,0.340738722,26,-10.15299513,59,58,0,0,,,
7.290097713,1.022216165,28,-10.15299513,59,57,1,0,,,
7.321855783,0.681477443,27,-10.15299513,59,57,1,0,,,
7.354184628,1.022216165,28,-9.802891853,60,58,1,0,,,
7.386065483,0.681477443,27,-10.15299513,59,57,1,0,,,
7.417607546,0.681477443,27,-10.15299513,59,57,0,0,,,
7.450107574,1.022216165,28,-9.802891853,60,58,0,0,,,
7.481846809,1.022216165,28,-9.802891853,60,57,0,0,,,
7.514413357,1.022216165,28,-9.802891853,60,57,0,0,,,
7.545909405,1.022216165,28,-10.15299513,59,56,0,0,,,
7.578305483,1.022216165,28,-10.15299513,59,57,1,0,,,
7.612239838,0.681477443,27,-10.15299513,59,57,0,0,,,
7.643074274,0.681477443,27,-10.15299513,59,57,1,0,,,
7.675400734,0.681477443,27,-10.15299513,59,57,1,0,,,
7.707370996,0.681477443,27,-9.802891853,60,58,1,0,,,
7.738879442,0.681477443,27,-10.15299513,59,57,1,0,,,
7.770998955,0.681477443,27,-10.15299513,59,57,1,0,,,
7.803103209,0.681477443,27,-10.15299513,59,58,1,0,,,
7.835422039,1.022216165,28,-9.802891853,60,57,1,0,,,
7.867055893,0.681477443,27,-10.15299513,59,57,1,0,,,
7.89922595,1.022216165,28,-10.15299513,59,57,1,0,,,
7.931618452,0.681477443,27,-9.802891853,60,57,1,0,,,
7.963181973,0.681477443,27,-10.15299513,59,58,1,0,,,
7.995017767,1.022216165,28,-10.15299513,59,57,1,0,,,
8.027069569,1.022216165,28,-10.15299513,59,56,0,0,,,
8.058657408,1.022216165,28,-9.802891853,60,57,0,0,,,
8.090685606,0.681477443,27,-10.15299513,59,57,1,0,,,
8.122228861,1.022216165,28,-9.802891853,60,57,1,0,,,
8.154248238,0.681477443,27,-10.15299513,59,57,1,0,,,
8.186326027,0.681477443,27,-9.802891853,60,57,1,0,,,
8.218360662,1.022216165,28,-10.15299513,59,57,1,0,,,
8.250810385,0.681477443,27,-9.802891853,60,57,1,0,,,
8.282371283,1.022216165,28,-10.50309841,58,57,1,0,,,
8.314847946,0.681477443,27,-10.15299513,59,57,1,0,,,
8.347018719,1.362954886,29,-10.15299513,59,56,1,0,,,
8.378850698,1.022216165,28,-10.15299513,59,57,1,0,,,
8.410888672,0.681477443,27,-10.15299513,59,57,1,0,,,
8.442672253,0.681477443,27,-9.802891853,60,55,1,0,,,
8.475012302,1.022216165,28,-10.15299513,59,58,0,0,,,
8.506882906,1.022216165,28,-10.15299513,59,58,1,0,,,
8.53882432,0.681477443,27,-10.15299513,59,57,1,0,,,
8.570725679,0.681477443,27,-9.802891853,60,58,1,0,,,
8.602719069,0.681477443,27,-10.15299513,59,57,1,0,,,
8.635059834,0.681477443,27,-10.15299513,59,57,1,0,,,
8.666737318,0.681477443,27,-9.802891853,60,57,1,0,,,
8.69884181,0.681477443,27,-10.15299513,59,57,0,0,,,
8.731217384,0.681477443,27,-9.802891853,60,57,2,0,,,
8.763575077,1.022216165,28,-10.15299513,59,57,0,0,,,
8.795022011,0.681477443,27,-10.15299513,59,57,1,0,,,
8.82728219,0.681477443,27,-10.15299513,59,57,1,0,,,
8.859256983,0.681477443,27,-10.15299513,59,57,1,0,,,
8.891386032,0.681477443,27,-10.15299513,59,57,1,0,,,
8.923186302,1.022216165,28,-10.15299513,59,57,1,0,,,
8.95508194,1.022216165,28,-10.15299513,59,57,1,0,,,
8.987218618,0.681477443,27,-10.15299513,59,57,1,0,,,
9.019474268,1.022216165,28,-10.15299513,59,57,0,0,,,
9.051552773,0.681477443,27,-10.15299513,59,57,0,0,,,
9.083581686,0.681477443,27,-10.15299513,59,57,0,0,,,
9.115713358,0.681477443,27,-10.15299513,59,58,0,0,,,
9.147681713,1.022216165,28,-10.15299513,59,57,0,0,,,
9.179680586,0.681477443,27,-10.15299513,59,57,1,0,,,
9.21118331,0.681477443,27,-9.452788573,61,58,0,0,,,
9.243607283,1.022216165,28,-10.15299513,59,57,2,0,,,
9.275824785,1.022216165,28,-10.15299513,59,57,1,0,,,
9.307081938,1.022216165,28,-10.15299513,59,57,1,0,,,
9.33945322,0.681477443,27,-10.15299513,59,57,1,0,,,
9.371222734,1.022216165,28,-10.15299513,59,57,1,0,,,
9.403755188,0.681477443,27,-10.15299513,59,57,1,0,,,
9.435869217,0.681477443,27,-10.15299513,59,57,0,0,,,
9.467847109,0.681477443,27,-10.15299513,59,57,0,0,,,
9.49977541,0.681477443,27,-9.802891853,60,57,0,0,,,
9.531736135,0.681477443,27,-10.15299513,59,57,0,0,,,
9.564077377,0.681477443,27,-9.452788573,61,57,0,0,,,
9.595703125,1.022216165,28,-10.15299513,59,57,1,0,,,
9.628067017,0.681477443,27,-10.15299513,59,57,0,0,,,
9.659866095,0.681477443,27,-10.15299513,59,57,1,0,,,
9.691928864,0.681477443,27,-10.15299513,59,56,0,0,,,
9.723677397,0.681477443,27,-10.15299513,59,57,0,0,,,
9.755891085,0.681477443,27,-10.15299513,59,57,0,0,,,
9.787512302,1.022216165,28,-9.802891853,60,57,0,0,,,
9.819994688,0.681477443,27,-10.15299513,59,57,1,0,,,
9.852136374,1.022216165,28,-9.802891853,60,57,1,0,,,
9.88398385,0.681477443,27,-10.15299513,59,57,1,0,,,
9.915972471,0.681477443,27,-10.15299513,59,57,1,0,,,
9.948138952,0.681477443,27,-10.15299513,59,58,1,0,,,
9.980089903,0.681477443,27,-9.802891853,60,58,0,0,,,
10.01191878,0.681477443,27,-10.15299513,59,57,1,0,,,
10.04393768,1.022216165,28,-9.802891853,60,57,1,0,,,
10.07625699,1.022216165,28,-9.802891853,60,58,1,0,,,
10.10788012,0.681477443,27,-10.15299513,59,57,0,0,,,
10.13975406,1.022216165,28,-10.15299513,59,56,0,0,,,
10.17183971,0.681477443,27,-10.15299513,59,57,0,0,,,
10.2042532,1.022216165,28,-10.15299513,59,57,1,0,,,
10.23591852,0.681477443,27,-10.15299513,59,57,1,0,,,
10.26819468,0.681477443,27,-10.15299513,59,57,1,0,,,
10.30036283,0.681477443,27,-9.802891853,60,57,0,0,,,
10.33238053,0.681477443,27,-10.15299513,59,57,0,0,,,
10.3644197,0.681477443,27,-10.15299513,59,57,0,0,,,
10.39713049,0.681477443,27,-10.15299513,59,57,0,0,,,
10.42856026,1.022216165,28,-10.15299513,59,58,1,0,,,
10.46042991,1.022216165,28,-10.15299513,59,57,1,0,,,
10.49251604,1.022216165,28,-10.15299513,59,58,0,0,,,
10.52406096,0.681477443,27,-10.15299513,59,57,1,0,,,
10.55592299,0.681477443,27,-10.15299513,59,57,1,0,,,
10.5883584,0.681477443,27,-10.15299513,59,57,0,0,,,
10.62052011,0.681477443,27,-10.15299513,59,57,0,0,,,
10.65261745,0.681477443,27,-9.802891853,60,57,0,0,,,
10.68416357,0.681477443,27,-10.15299513,59,57,0,0,,,
10.71669126,0.681477443,27,-10.15299513,59,57,0,0,,,
10.74870706,1.022216165,28,-10.15299513,59,57,1,0,,,
10.7808249,0.681477443,27,-10.15299513,59,57,1,0,,,
10.81290746,0.681477443,27,-10.15299513,59,57,1,0,,,
10.84479666,0.681477443,27,-10.15299513,59,57,1,0,,,
10.87676692,0.681477443,27,-10.15299513,59,58,1,0,,,
10.90870476,0.681477443,27,-9.802891853,60,57,1,0,,,
10.94050646,0.681477443,27,-10.15299513,59,57,1,0,,,
10.97278476,1.022216165,28,-10.15299513,59,57,1,0,,,
11.00483608,0.681477443,27,-10.15299513,59,58,0,0,,,
11.03677917,1.022216165,28,-10.15299513,59,58,1,0,,,
11.06893635,1.022216165,28,-10.15299513,59,57,1,0,,,
11.10096955,0.681477443,27,-10.15299513,59,56,1,0,,,
11.1324296,0.681477443,27,-10.15299513,59,58,1,0,,,
11.1649704,0.681477443,27,-9.802891853,60,56,1,0,,,
11.19690943,0.681477443,27,-9.802891853,60,57,1,0,,,
11.22907305,1.022216165,28,-10.15299513,59,58,1,0,,,
11.26045203,1.022216165,28,-10.15299513,59,57,1,0,,,
11.29267049,1.022216165,28,-10.15299513,59,57,1,0,,,
11.3252461,0.681477443,27,-10.15299513,59,57,1,0,,,
11.35699272,0.681477443,27,-9.802891853,60,57,1,0,,,
11.38872266,1.022216165,28,-10.15299513,59,57,0,0,,,
11.42107391,0.681477443,27,-10.15299513,59,58,1,0,,,
11.45316577,0.681477443,27,-10.15299513,59,57,1,0,,,
11.48495913,0.681477443,27,-10.15299513,59,57,0,0,,,
11.51729226,1.022216165,28,-10.15299513,59,57,1,0,,,
11.54930902,0.681477443,27,-10.15299513,59,57,1,0,,,
11.58128977,1.022216165,28,-9.802891853,60,57,1,0,,,
11.61351681,0.681477443,27,-10.15299513,59,58,1,0,,,
11.64478517,0.681477443,27,-10.15299513,59,58,1,0,,,
11.67740536,0.681477443,27,-10.15299513,59,57,1,0,,,
11.70936775,0.681477443,27,-10.15299513,59,55,1,0,,,
11.74125409,0.681477443,27,-10.15299513,59,57,1,0,,,
11.77302408,0.681477443,27,-9.802891853,60,57,1,0,,,
11.80528569,1.022216165,28,-10.15299513,59,57,1,0,,,
11.8371892,0.681477443,27,-10.15299513,59,58,1,0,,,
11.86934328,0.681477443,27,-9.802891853,60,57,1,0,,,
11.90105081,1.022216165,28,-9.802891853,60,57,1,0,,,
11.93356586,0.681477443,27,-9.802891853,60,57,1,0,,,
11.96528172,0.681477443,27,-10.15299513,59,56,0,0,,,
11.99724174,1.022216165,28,-10.15299513,59,57,1,0,,,
12.02946806,0.681477443,27,-9.802891853,60,58,0,0,,,
12.06118321,0.681477443,27,-10.15299513,59,57,1,0,,,
12.09323335,0.681477443,27,-9.802891853,60,57,1,0,,,
12.12581348,1.022216165,28,-10.15299513,59,57,1,0,,,
12.15774941,0.681477443,27,-9.802891853,60,56,1,0,,,
12.18924546,0.681477443,27,-10.15299513,59,57,0,0,,,
12.22182274,0.681477443,27,-9.802891853,60,57,0,0,,,
12.25364923,0.681477443,27,-9.802891853,60,57,1,0,,,
12.2853539,0.681477443,27,-10.15299513,59,57,1,0,,,
12.31785846,0.681477443,27,-10.15299513,59,56,1,0,,,
12.3500824,0.681477443,27,-10.15299513,59,56,1,0,,,
12.38141584,0.681477443,27,-10.15299513,59,57,1,0,,,
12.41362834,0.681477443,27,-10.15299513,59,57,0,0,,,
12.44600344,0.681477443,27,-10.15299513,59,57,1,0,,,
12.47776175,1.022216165,28,-9.802891853,60,57,0,0,,,
12.50996256,0.681477443,27,-9.802891853,60,57,0,0,,,
12.54175568,1.022216165,28,-10.15299513,59,57,0,0,,,
12.57398629,0.681477443,27,-10.15299513,59,58,1,0,,,
12.6059227,0.681477443,27,-10.15299513,59,57,1,0,,,
12.63803196,1.022216165,28,-10.15299513,59,57,0,0,,,
12.67007017,0.681477443,27,-10.15299513,59,58,1,0,,,
12.70221138,1.022216165,28,-10.15299513,59,59,1,0,,,
12.7337079,0.681477443,27,-10.15299513,59,57,1,0,,,
12.76601529,0.681477443,27,-9.802891853,60,58,0,0,,,
12.79772091,0.681477443,27,-10.15299513,59,57,1,0,,,
12.83020139,0.681477443,27,-10.15299513,59,57,0,0,,,
12.86237025,0.681477443,27,-10.15299513,59,57,0,0,,,
12.89396262,1.022216165,28,-10.15299513,59,57,1,0,,,
12.92630839,0.681477443,27,-10.15299513,59,56,1,0,,,
12.95815873,1.022216165,28,-10.15299513,59,57,1,0,,,
12.99014688,0.681477443,27,-10.15299513,59,58,1,0,,,
13.02189565,0.681477443,27,-10.15299513,59,57,1,0,,,
13.05433846,1.022216165,28,-10.15299513,59,57,1,0,,,
13.08606172,1.022216165,28,-10.15299513,59,58,1,0,,,
13.11839581,0.681477443,27,-9.802891853,60,57,0,0,,,
13.15007329,0.681477443,27,-10.15299513,59,57,0,0,,,
13.18219137,1.022216165,28,-10.15299513,59,57,1,0,,,
13.21427298,1.022216165,28,-10.15299513,59,57,1,0,,,
13.24619102,0.681477443,27,-10.15299513,59,57,0,0,,,
13.27848005,0.681477443,27,-10.15299513,59,57,1,0,,,
13.31061983,1.022216165,28,-10.15299513,59,57,1,0,,,
13.34252739,0.681477443,27,-10.15299513,59,58,1,0,,,
13.37452507,1.022216165,28,-10.15299513,59,57,1,0,,,
13.40647411,0.681477443,27,-10.15299513,59,57,1,0,,,
13.43845153,0.681477443,27,-10.15299513,59,57,0,0,,,
13.47047186,0.681477443,27,-10.15299513,59,57,1,0,,,
13.50261521,0.681477443,27,-10.15299513,59,57,1,0,,,
13.53483105,0.681477443,27,-10.15299513,59,57,0,0,,,
13.56679893,0.681477443,27,-10.15299513,59,57,1,0,,,
13.59852052,0.681477443,27,-9.802891853,60,57,1,0,,,
13.63072634,0.681477443,27,-10.15299513,59,57,1,0,,,
13.66283941,1.022216165,28,-10.15299513,59,57,1,0,,,
13.69493294,0.681477443,27,-10.15299513,59,57,0,0,,,
13.72650194,1.022216165,28,-10.15299513,59,57,1,0,,,
13.75887084,0.681477443,27,-10.15299513,59,57,1,0,,,
13.79070497,1.022216165,28,-10.15299513,59,58,0,0,,,
13.82275796,0.681477443,27,-10.15299513,59,57,2,0,,,
13.85487437,0.681477443,27,-9.802891853,60,57,1,0,,,
13.88712978,0.681477443,27,-10.15299513,59,57,1,0,,,
13.91894507,0.681477443,27,-10.15299513,59,56,1,0,,,
13.95102215,0.681477443,27,-9.802891853,60,57,0,0,,,
13.98275852,0.681477443,27,-9.802891853,60,58,0,0,,,
14.01461339,0.681477443,27,-10.15299513,59,57,1,0,,,
14.04697609,0.681477443,27,-9.802891853,60,58,1,0,,,
14.07927847,1.022216165,28,-10.15299513,59,57,1,0,,,
14.11115527,0.681477443,27,-10.15299513,59,57,1,0,,,
14.14304352,0.681477443,27,-10.15299513,59,58,1,0,,,
14.17517042,0.681477443,27,-10.15299513,59,57,1,0,,,
14.20717835,1.022216165,28,-10.15299513,59,57,1,0,,,
14.23919582,0.681477443,27,-9.802891853,60,56,1,0,,,
14.27116966,0.681477443,27,-10.15299513,59,58,1,0,,,
14.30296874,0.681477443,27,-10.15299513,59,58,1,0,,,
14.33519101,0.681477443,27,-10.15299513,59,57,1,0,,,
14.3670671,0.681477443,27,-10.15299513,59,57,1,0,,,
14.39929771,0.681477443,27,-10.15299513,59,56,1,0,,,
14.43144631,1.022216165,28,-10.15299513,59,57,1,0,,,
14.46293759,0.681477443,27,-10.15299513,59,57,1,0,,,
14.49532175,1.022216165,28,-10.15299513,59,57,0,0,,,
14.52701735,0.681477443,27,-10.15299513,59,57,1,0,,,
14.55902624,0.681477443,27,-10.15299513,59,57,1,0,,,
14.5910573,1.022216165,28,-10.15299513,59,58,1,0,,,
14.623456,0.681477443,27,-10.15299513,59,57,0,0,,,
14.65548396,0.681477443,27,-10.15299513,59,58,1,0,,,
14.68775368,0.681477443,27,-10.15299513,59,58,1,0,,,
14.7195375,0.681477443,27,-10.15299513,59,57,1,0,,,
14.75179648,1.022216165,28,-10.15299513,59,58,1,0,,,
14.78366208,0.681477443,27,-10.15299513,59,57,0,0,,,
14.81524563,0.681477443,27,-10.15299513,59,57,1,0,,,
14.84776735,0.681477443,27,-10.15299513,59,57,1,0,,,
14.87948346,0.681477443,27,-9.802891853,60,57,1,0,,,
14.91231036,1.022216165,28,-10.15299513,59,57,1,0,,,
14.94362426,0.681477443,27,-10.15299513,59,58,1,0,,,
14.97569442,0.681477443,27,-10.15299513,59,57,0,0,,,
15.00735402,1.022216165,28,-10.15299513,59,57,0,0,,,
15.03940701,0.681477443,27,-10.15299513,59,57,1,0,,,
15.07181573,0.681477443,27,-10.15299513,59,57,1,0,,,
15.10400152,1.022216165,28,-9.802891853,60,57,1,0,,,
15.13580799,0.681477443,27,-10.15299513,59,58,1,0,,,
15.16763186,0.681477443,27,-9.802891853,60,57,1,0,,,
15.19979286,0.681477443,27,-10.15299513,59,58,0,0,,,
15.23163772,1.022216165,28,-9.802891853,60,56,1,0,,,
15.26393032,0.681477443,27,-10.15299513,59,58,1,0,,,
15.29615021,1.022216165,28,-10.15299513,59,57,0,0,,,
15.32864571,1.022216165,28,-10.15299513,59,57,1,0,,,
15.3601594,0.681477443,27,-10.15299513,59,57,0,0,,,
15.39217329,0.681477443,27,-10.15299513,59,56,0,0,,,
15.42416835,0.681477443,27,-10.15299513,59,56,0,0,,,
15.45602989,0.681477443,27,-10.15299513,59,57,0,0,,,
15.48829985,1.022216165,28,-10.15299513,59,57,0,0,,,
15.52001762,1.022216165,28,-10.15299513,59,57,1,0,,,
15.55178618,0.681477443,27,-10.15299513,59,57,0,0,,,
15.58399653,1.022216165,28,-9.802891853,60,57,1,0,,,
15.61631799,0.681477443,27,-10.15299513,59,57,1,0,,,
15.64834523,1.022216165,28,-10.15299513,59,57,1,0,,,
15.68032861,0.681477443,27,-9.802891853,60,57,1,0,,,
15.7120223,1.022216165,28,-10.15299513,59,57,1,0,,,
15.74391985,1.022216165,28,-10.15299513,59,56,1,0,,,
15.77637696,0.681477443,27,-9.802891853,60,57,1,0,,,
15.80788708,1.022216165,28,-10.15299513,59,57,1,0,,,
15.84046435,0.681477443,27,-10.15299513,59,57,0,0,,,
15.87221336,1.022216165,28,-9.802891853,60,57,1,0,,,
15.90408587,0.681477443,27,-9.802891853,60,57,1,0,,,
15.93624973,1.022216165,28,-10.15299513,59,57,1,0,,,
15.96833873,0.681477443,27,-9.802891853,60,58,0,0,,,
16.00047445,0.681477443,27,-10.15299513,59,57,0,0,,,
16.03258348,0.681477443,27,-10.15299513,59,57,1,0,,,
16.06447363,1.022216165,28,-10.15299513,59,57,1,0,,,
16.09648728,0.681477443,27,-10.15299513,59,57,1,0,,,
16.12822247,1.022216165,28,-9.802891853,60,57,1,0,,,
16.16022301,1.022216165,28,-10.15299513,59,58,0,0,,,
16.19250154,0.681477443,27,-10.15299513,59,57,0,0,,,
16.22418594,0.681477443,27,-10.15299513,59,57,0,0,,,
16.2564404,1.022216165,28,-10.15299513,59,58,1,0,,,
16.2883029,0.681477443,27,-10.15299513,59,58,1,0,,,
16.32033467,1.022216165,28,-10.15299513,59,58,1,0,,,
16.35265398,1.022216165,28,-10.15299513,59,58,1,0,,,
16.3844614,1.022216165,28,-10.15299513,59,57,0,0,,,
16.41686702,0.681477443,27,-10.15299513,59,58,0,0,,,
16.44884253,1.022216165,28,-10.15299513,59,57,1,0,,,
16.48086476,0.681477443,27,-10.15299513,59,58,1,0,,,
16.51295352,1.022216165,28,-10.15299513,59,57,1,0,,,
16.54476023,1.022216165,28,-10.50309841,58,57,0,0,,,
16.57637882,1.022216165,28,-10.15299513,59,57,1,0,,,
16.60896349,0.681477443,27,-10.15299513,59,57,1,0,,,
16.64111376,0.681477443,27,-10.15299513,59,57,0,0,,,
16.67265701,1.022216165,28,-10.15299513,59,57,1,0,,,
16.70464969,0.681477443,27,-10.15299513,59,58,1,0,,,
16.73662567,0.681477443,27,-10.15299513,59,57,1,0,,,
16.76875973,0.681477443,27,-10.15299513,59,58,1,0,,,
16.80111027,0.681477443,27,-10.15299513,59,57,1,0,,,
16.83308029,1.022216165,28,-10.15299513,59,57,1,0,,,
16.86515737,0.681477443,27,-10.15299513,59,58,1,0,,,
16.89715409,0.681477443,27,-10.15299513,59,57,1,0,,,
16.92939091,0.681477443,27,-10.15299513,59,57,1,0,,,
16.96133876,0.681477443,27,-10.15299513,59,57,1,0,,,
16.99318004,1.022216165,28,-9.802891853,60,57,1,0,,,
17.0249064,1.022216165,28,-9.802891853,60,57,1,0,,,
17.05702305,0.681477443,27,-10.15299513,59,57,1,0,,,
17.0892489,1.022216165,28,-10.15299513,59,57,1,0,,,
17.1208992,0.681477443,27,-9.802891853,60,57,1,0,,,
17.15296626,0.681477443,27,-10.15299513,59,57,0,0,,,
17.18538785,0.681477443,27,-10.15299513,59,56,0,0,,,
17.21698356,0.681477443,27,-10.15299513,59,58,0,0,,,
17.24925852,0.681477443,27,-9.802891853,60,57,0,0,,,
17.28101587,0.681477443,27,-10.15299513,59,58,1,0,,,
17.31346297,0.681477443,27,-9.802891853,60,57,1,0,,,
17.3452425,1.022216165,28,-10.15299513,59,57,1,0,,,
17.37738943,1.022216165,28,-10.15299513,59,57,1,0,,,
17.40934229,1.022216165,28,-10.15299513,59,58,1,0,,,
17.44107866,1.022216165,28,-10.15299513,59,56,0,0,,,
17.47357893,0.681477443,27,-10.15299513,59,58,0,0,,,
17.50561619,0.681477443,27,-10.15299513,59,57,0,0,,,
17.53750372,0.681477443,27,-9.802891853,60,57,1,0,,,
17.56923103,0.681477443,27,-10.15299513,59,57,1,0,,,
17.60162807,0.681477443,27,-10.15299513,59,57,1,0,,,
17.6334033,1.022216165,28,-10.15299513,59,57,0,0,,,
17.66561699,1.022216165,28,-10.15299513,59,57,1,0,,,
17.69779015,0.681477443,27,-10.15299513,59,57,1,0,,,
17.72938681,1.022216165,28,-10.15299513,59,56,1,0,,,
17.76153421,0.681477443,27,-10.15299513,59,58,1,0,,,
17.79378176,1.022216165,28,-10.15299513,59,57,1,0,,,
17.82591796,0.681477443,27,-10.15299513,59,57,1,0,,,
17.8577404,1.022216165,28,-10.15299513,59,57,2,0,,,
17.88987637,0.681477443,27,-9.802891853,60,57,0,0,,,
17.92151046,0.681477443,27,-10.15299513,59,57,1,0,,,
17.95384359,1.022216165,28,-10.15299513,59,57,1,0,,,
17.98560095,0.681477443,27,-10.15299513,59,57,1,0,,,
18.01754618,1.022216165,28,-9.802891853,60,57,1,0,,,
18.04935646,1.022216165,28,-10.15299513,59,58,1,0,,,
18.08138704,0.681477443,27,-10.15299513,59,57,1,0,,,
18.11342669,0.681477443,27,-10.15299513,59,57,1,0,,,
18.14545369,0.681477443,27,-9.802891853,60,56,1,0,,,
18.1780169,1.022216165,28,-10.15299513,59,57,0,0,,,
18.21081901,1.022216165,28,-10.15299513,59,57,1,0,,,
18.24240184,0.681477443,27,-10.15299513,59,57,1,0,,,
18.27424431,0.681477443,27,-10.15299513,59,58,0,0,,,
18.30638957,1.022216165,28,-10.15299513,59,58,1,0,,,
18.33843374,0.681477443,27,-9.802891853,60,57,1,0,,,
18.37025595,1.022216165,28,-10.15299513,59,57,0,0,,,
18.40244508,1.022216165,28,-10.15299513,59,57,0,0,,,
18.43400002,0.681477443,27,-10.15299513,59,57,2,0,,,
18.46603203,1.022216165,28,-10.15299513,59,58,1,0,,,
18.498142,0.681477443,27,-10.15299513,59,57,1,0,,,
18.52992725,0.681477443,27,-10.15299513,59,58,1,0,,,
18.56227994,0.681477443,27,-10.15299513,59,57,1,0,,,
18.5941627,0.681477443,27,-10.15299513,59,57,1,0,,,
18.62648344,0.681477443,27,-10.15299513,59,57,0,0,,,
18.65857768,0.681477443,27,-10.50309841,58,57,1,0,,,
18.69052076,0.681477443,27,-10.15299513,59,58,0,0,,,
18.72265339,1.022216165,28,-10.15299513,59,56,1,0,,,
18.75452566,1.022216165,28,-9.802891853,60,57,1,0,,,
18.78633785,0.681477443,27,-9.802891853,60,57,1,0,,,
18.81853008,0.681477443,27,-10.15299513,59,57,1,0,,,
18.85041451,0.681477443,27,-10.15299513,59,57,0,0,,,
18.8822937,0.681477443,27,-10.15299513,59,57,0,0,,,
18.91411257,0.681477443,27,-9.802891853,60,57,0,0,,,
18.94640136,0.681477443,27,-10.15299513,59,57,1,0,,,
18.97805309,1.022216165,28,-10.15299513,59,57,0,0,,,
19.01067209,0.681477443,27,-10.15299513,59,58,1,0,,,
19.04270124,1.022216165,28,-10.15299513,59,56,1,0,,,
19.07479382,0.681477443,27,-10.15299513,59,57,1,0,,,
19.10660243,0.681477443,27,-10.15299513,59,57,1,0,,,
19.13879919,0.681477443,27,-10.15299513,59,56,0,0,,,
19.17097521,0.681477443,27,-10.15299513,59,58,1,0,,,
19.20287943,1.022216165,28,-10.15299513,59,58,1,0,,,
19.23496509,1.022216165,28,-10.15299513,59,57,1,0,,,
19.26701427,1.022216165,28,-10.15299513,59,56,1,0,,,
19.29878926,0.681477443,27,-10.15299513,59,57,1,0,,,
19.33061218,1.022216165,28,-9.802891853,60,57,0,0,,,
19.36251378,0.681477443,27,-10.15299513,59,57,0,0,,,
19.39486647,0.681477443,27,-10.15299513,59,57,1,0,,,
19.42692566,0.681477443,27,-9.802891853,60,57,1,0,,,
19.45878983,0.681477443,27,-10.15299513,59,56,1,0,,,
19.49121976,0.681477443,27,-10.15299513,59,57,2,0,,,
19.52264261,0.681477443,27,-10.15299513,59,57,0,0,,,
19.55513191,0.681477443,27,-10.15299513,59,56,1,0,,,
19.58729434,0.681477443,27,-10.15299513,59,57,1,0,,,
19.61937165,0.681477443,27,-9.802891853,60,57,1,0,,,
19.65120745,0.681477443,27,-10.15299513,59,57,1,0,,,
19.68279672,0.681477443,27,-10.15299513,59,57,1,0,,,
19.71472955,0.681477443,27,-9.802891853,60,57,1,0,,,
19.74705768,1.362954886,29,-10.15299513,59,56,1,0,,,
19.77933741,0.681477443,27,-10.15299513,59,58,1,0,,,
19.81128192,1.022216165,28,-10.15299513,59,57,1,0,,,
19.84377909,1.022216165,28,-10.15299513,59,57,1,0,,,
19.87489867,0.681477443,27,-10.15299513,59,57,1,0,,,
19.90738225,0.681477443,27,-10.15299513,59,57,1,0,,,
19.93948007,1.022216165,28,-10.15299513,59,57,1,0,,,
19.97134709,1.022216165,28,-10.15299513,59,57,1,0,,,
20.00302076,0.681477443,27,-10.15299513,59,57,1,0,,,
20.03502488,0.681477443,27,-10.15299513,59,58,1,0,,,
20.06735039,0.681477443,27,-10.15299513,59,57,1,0,,,
20.0994184,0.681477443,27,-9.802891853,60,57,1,0,,,
20.13162208,1.022216165,28,-10.15299513,59,57,1,0,,,
20.16353083,0.681477443,27,-9.802891853,60,57,1,0,,,
20.19564533,0.681477443,27,-10.15299513,59,57,0,0,,,
20.22764778,1.022216165,28,-9.802891853,60,58,1,0,,,
20.25955224,1.022216165,28,-10.15299513,59,57,1,0,,,
20.29174209,1.022216165,28,-10.15299513,59,57,1,0,,,
20.32388639,0.681477443,27,-10.15299513,59,57,1,0,,,
20.35581851,1.022216165,28,-10.15299513,59,57,1,0,,,
20.38775539,0.681477443,27,-10.15299513,59,57,0,0,,,
20.41994524,1.022216165,28,-10.15299513,59,57,1,0,,,
20.45167494,1.022216165,28,-10.15299513,59,57,1,0,,,
20.48337722,0.681477443,27,-10.15299513,59,58,1,0,,,
20.5156405,0.681477443,27,-9.802891853,60,57,1,0,,,
20.54774642,0.681477443,27,-10.15299513,59,57,1,0,,,
20.57992911,0.681477443,27,-9.802891853,60,57,1,0,,,
20.61196065,1.022216165,28,-10.15299513,59,58,0,0,,,
20.64399004,0.681477443,27,-10.15299513,59,57,1,0,,,
20.67593312,0.681477443,27,-10.15299513,59,57,1,0,,,
20.70792794,1.022216165,28,-10.15299513,59,55,1,0,,,
20.73953485,0.681477443,27,-9.802891853,60,57,1,0,,,
20.77214074,0.681477443,27,-9.802891853,60,57,0,0,,,
20.80404067,0.681477443,27,-10.15299513,59,57,1,0,,,
20.83607125,1.022216165,28,-9.802891853,60,57,1,0,,,
20.86763,0.681477443,27,-10.15299513,59,57,1,0,,,
20.89971089,0.681477443,27,-10.15299513,59,57,1,900,,,
20.93209767,0.681477443,27,-9.802891853,60,57,1,71160,,,
20.96407914,1.022216165,28,-10.15299513,59,57,1,4080,,,
20.99625206,1.022216165,28,-10.15299513,59,57,1,4080,,,
21.02805376,0.681477443,27,-10.15299513,59,56,0,60,,,
21.06023932,0.681477443,27,-10.15299513,59,57,1,60,,,
21.09198546,0.681477443,27,-9.802891853,60,57,1,60,,,
21.12401223,0.681477443,27,-10.15299513,59,57,1,60,,,
21.15621567,0.681477443,27,-9.802891853,60,57,1,60,,,
21.18802953,0.681477443,27,-9.802891853,60,57,0,60,,,
21.22033334,0.681477443,27,-10.15299513,59,57,1,60,,,
21.25244927,1.022216165,28,-10.15299513,59,57,0,60,,,
21.28404069,0.681477443,27,-10.15299513,59,57,0,60,,,
21.31629634,0.681477443,27,-10.15299513,59,56,1,60,,,
21.34805846,0.681477443,27,-10.15299513,59,58,1,60,,,
21.38034534,0.681477443,27,-10.15299513,59,56,1,60,,,
21.41255069,0.681477443,27,-9.802891853,60,57,1,60,,,
21.44455862,0.681477443,27,-10.15299513,59,57,1,60,,,
21.47693253,0.340738722,26,-10.15299513,59,57,1,60,,,
21.50817299,0.681477443,27,-9.802891853,60,57,1,60,,,
21.5406127,0.681477443,27,-10.15299513,59,56,1,840,,,
21.57270169,0.681477443,27,-10.15299513,59,57,1,10440,,,
21.60465574,0.681477443,27,-9.802891853,60,57,1,10440,,,
21.63626885,0.681477443,27,-10.15299513,59,57,1,10440,,,
21.66845226,0.681477443,27,-10.15299513,59,57,1,71160,,,
21.70064664,0.681477443,27,-9.802891853,60,57,1,71160,,,
21.7325027,1.022216165,28,-10.15299513,59,57,0,71160,,,
21.76476622,1.022216165,28,-10.15299513,59,57,1,71160,,,
21.79686475,0.681477443,27,-10.15299513,59,57,2,71160,,,
21.82875872,0.681477443,27,-10.15299513,59,57,0,71160,,,
21.86072111,0.681477443,27,-9.802891853,60,57,1,71160,,,
21.89284301,0.681477443,27,-10.15299513,59,57,1,71160,,,
21.92476177,0.681477443,27,-9.802891853,60,57,1,71160,,,
21.95646739,0.681477443,27,-10.15299513,59,57,1,71160,,,
21.98859358,0.681477443,27,-10.15299513,59,57,1,71160,,,
22.02088141,0.681477443,27,-10.15299513,59,57,1,71160,,,
22.05277967,0.681477443,27,-10.15299513,59,57,1,71160,,,
22.08458948,1.022216165,28,-10.15299513,59,57,0,71160,,,
22.11667252,0.681477443,27,-10.15299513,59,57,1,71160,,,
22.14883018,0.681477443,27,-10.15299513,59,57,1,71160,,,
22.18092966,0.681477443,27,-10.15299513,59,57,1,900,,,
22.21272492,1.022216165,28,-10.15299513,59,57,0,11220,,,
22.24517035,1.022216165,28,-10.15299513,59,57,0,11220,,,
22.27706385,1.022216165,28,-10.15299513,59,56,1,11220,,,
22.30959892,0.681477443,27,-9.802891853,60,57,1,61020,,,
22.34116006,1.022216165,28,-9.452788573,61,57,1,61020,,,
22.37324381,0.681477443,27,-10.15299513,59,57,1,61020,,,
22.40542126,1.022216165,28,-10.15299513,59,57,0,61020,,,
22.43692565,0.681477443,27,-9.802891853,60,57,1,61020,,,
22.46901321,0.681477443,27,-9.802891853,60,57,1,61020,,,
22.50088596,1.022216165,28,-10.15299513,59,58,1,61020,,,
22.53312182,0.681477443,27,-10.50309841,58,57,0,61020,,,
22.56562829,1.362954886,29,-10.15299513,59,57,0,61020,,,
22.59723234,1.022216165,28,-10.15299513,59,57,1,61020,,,
22.62942505,0.681477443,27,-10.15299513,59,57,1,61020,,,
22.66143203,0.681477443,27,-9.802891853,60,58,1,61020,,,
22.69345474,0.681477443,27,-9.802891853,60,58,1,61020,,,
22.72574615,0.681477443,27,-10.15299513,59,57,1,61020,,,
22.75748324,0.681477443,27,-10.15299513,59,57,1,61020,,,
22.78929782,0.681477443,27,-10.15299513,59,58,1,61020,,,
22.82117915,0.681477443,27,-9.802891853,60,57,0,540,,,
22.85308599,1.022216165,28,-10.15299513,59,58,1,1140,,,
22.88562465,0.681477443,27,-10.50309841,58,57,1,10200,,,
22.91717863,0.681477443,27,-10.15299513,59,57,2,10200,,,
22.94954371,0.681477443,27,-10.15299513,59,57,0,120,,,
22.98154235,0.681477443,27,-10.15299513,59,57,0,120,,,
23.01369286,0.681477443,27,-10.15299513,59,57,0,120,,,
23.04578018,1.022216165,28,-10.15299513,59,57,1,120,,,
23.07777643,1.022216165,28,-10.15299513,59,57,1,120,,,
23.10982466,0.681477443,27,-9.802891853,60,57,0,120,,,
23.14207649,0.681477443,27,-10.15299513,59,57,0,120,,,
23.17370105,0.681477443,27,-9.802891853,60,57,0,120,,,
23.20588326,0.681477443,27,-9.802891853,60,57,0,120,,,
23.23755169,0.681477443,27,-9.802891853,60,57,0,120,,,
23.26942205,0.681477443,27,-10.15299513,59,57,0,120,,,
23.30146003,0.681477443,27,-10.15299513,59,57,0,120,,,
23.333781,0.681477443,27,-10.15299513,59,56,0,120,,,
23.36587882,0.681477443,27,-10.15299513,59,57,1,120,,,
23.39791584,0.681477443,27,-9.802891853,60,57,1,120,,,
23.42982101,0.681477443,27,-9.802891853,60,57,0,120,,,
23.46202064,0.681477443,27,-10.15299513,59,57,0,900,,,
23.49406481,0.681477443,27,-10.15299513,59,57,1,11880,,,
23.52610564,0.681477443,27,-10.15299513,59,57,1,11880,,,
23.55744052,0.681477443,27,-9.802891853,60,57,1,11880,,,
23.58953261,1.022216165,28,-10.15299513,59,57,1,71160,,,
23.62190914,0.681477443,27,-9.802891853,60,57,1,71160,,,
23.65406442,1.022216165,28,-10.15299513,59,58,1,71160,,,
23.68613195,0.681477443,27,-10.15299513,59,57,1,71160,,,
23.71812248,0.681477443,27,-9.802891853,60,57,1,71160,,,
23.75004578,0.681477443,27,-10.15299513,59,57,1,71160,,,
23.78214049,0.681477443,27,-10.15299513,59,58,0,71160,,,
23.81421757,0.681477443,27,-10.15299513,59,57,0,71160,,,
23.84593964,0.681477443,27,-9.802891853,60,57,1,71160,,,
23.87817788,0.681477443,27,-10.15299513,59,56,1,71160,,,
23.91034079,0.681477443,27,-10.15299513,59,58,1,71160,,,
23.94289565,0.681477443,27,-10.15299513,59,57,1,71160,,,
23.97443175,0.681477443,27,-10.15299513,59,57,2,71160,,,
24.00584865,0.681477443,27,-10.15299513,59,57,1,71160,,,
24.03832102,0.681477443,27,-10.15299513,59,56,1,71160,,,
24.07034421,0.681477443,27,-9.802891853,60,57,1,0,,,
24.10235834,0.681477443,27,-10.15299513,59,56,1,660,,,
24.13404799,0.681477443,27,-10.15299513,59,57,1,8700,,,
24.16651368,1.022216165,28,-9.802891853,60,57,1,8700,,,
24.19807506,0.681477443,27,-10.15299513,59,57,0,8700,,,
24.23059893,0.681477443,27,-10.15299513,59,56,1,61020,,,
24.26220465,0.681477443,27,-10.15299513,59,58,1,61020,,,
24.2946043,0.681477443,27,-9.802891853,60,57,1,61020,,,
24.3266716,0.681477443,27,-10.15299513,59,57,1,61020,,,
24.35866237,0.681477443,27,-10.15299513,59,57,1,61020,,,
24.39031553,1.022216165,28,-10.15299513,59,57,1,61020,,,
24.4222455,0.681477443,27,-10.15299513,59,58,0,61020,,,
24.45454431,1.022216165,28,-10.15299513,59,57,0,61020,,,
24.48624754,0.681477443,27,-9.802891853,60,57,1,61020,,,
24.51858616,0.681477443,27,-10.15299513,59,57,0,61020,,,
24.55086994,1.022216165,28,-10.15299513,59,57,0,61020,,,
24.58285308,1.022216165,28,-10.15299513,59,57,1,61020,,,
24.61492252,0.681477443,27,-9.802891853,60,58,0,61020,,,
24.64687324,0.681477443,27,-10.15299513,59,57,0,61020,,,
24.67915988,1.022216165,28,-10.15299513,59,56,1,61020,,,
24.71097732,1.022216165,28,-10.15299513,59,57,0,61020,,,
24.74260116,0.681477443,27,-10.15299513,59,57,1,61020,,,
24.77486849,1.022216165,28,-10.15299513,59,57,1,61020,,,
24.80672383,0.681477443,27,-10.15299513,59,57,1,61020,,,
24.83873868,0.681477443,27,-10.15299513,59,57,1,61020,,,
24.87037063,1.022216165,28,-10.15299513,59,56,1,61020,,,
24.90262389,0.681477443,27,-10.15299513,59,57,1,61020,,,
24.93489051,1.022216165,28,-10.15299513,59,57,1,61020,,,
24.96667123,1.022216165,28,-10.15299513,59,57,2,61020,,,
24.9990139,0.681477443,27,-10.15299513,59,57,1,61020,,,
25.03105164,1.022216165,28,-10.15299513,59,57,1,61020,,,
25.06324053,0.681477443,27,-10.15299513,59,58,1,61020,,,
25.09477568,1.022216165,28,-10.15299513,59,57,0,61020,,,
25.12707472,1.022216165,28,-9.802891853,60,58,0,61020,,,
25.15878987,1.022216165,28,-10.15299513,59,57,1,61020,,,
25.19163394,0.681477443,27,-10.50309841,58,56,1,61020,,,
25.22303295,0.681477443,27,-10.15299513,59,58,0,0,,,
25.25481749,1.022216165,28,-9.802891853,60,57,0,0,,,
25.28716516,0.681477443,27,-10.15299513,59,58,0,0,,,
25.31896782,0.681477443,27,-10.15299513,59,57,0,0,,,
25.35085535,0.681477443,27,-10.15299513,59,57,0,0,,,
25.38326788,1.022216165,28,-9.802891853,60,57,0,0,,,
25.41504955,0.681477443,27,-9.802891853,60,57,1,0,,,
25.4473145,0.681477443,27,-9.802891853,60,57,0,0,,,
25.47959328,0.681477443,27,-10.15299513,59,57,1,0,,,
25.51151705,0.681477443,27,-10.15299513,59,57,2,0,,,
25.54363751,1.022216165,28,-9.802891853,60,57,1,0,,,
25.57584119,0.681477443,27,-10.15299513,59,58,1,0,,,
25.60760379,0.681477443,27,-10.50309841,58,58,1,0,,,
25.63933754,0.681477443,27,-10.15299513,59,57,1,0,,,
25.67119122,0.681477443,27,-10.15299513,59,58,1,0,,,
25.70324159,0.681477443,27,-9.802891853,60,57,0,0,,,
25.73574114,0.681477443,27,-10.15299513,59,58,0,0,,,
25.76729369,0.681477443,27,-10.15299513,59,58,1,0,,,
25.7996273,0.681477443,27,-9.802891853,60,56,0,12240,,,
25.83131647,1.022216165,28,-9.802891853,60,57,1,13380,,,
25.86379933,1.022216165,28,-10.15299513,59,56,1,13800,,,
25.89584756,1.022216165,28,-10.15299513,59,57,1,13800,,,
25.92787838,1.022216165,28,-10.15299513,59,57,0,13800,,,
25.95991731,0.681477443,27,-10.15299513,59,57,0,10680,,,
25.99175262,0.681477443,27,-10.15299513,59,57,0,10680,,,
26.02339602,1.022216165,28,-10.15299513,59,58,0,10980,,,
26.05588126,0.681477443,27,-10.15299513,59,57,1,10980,,,
26.08778238,0.681477443,27,-10.15299513,59,57,1,120,,,
26.11949968,0.681477443,27,-10.15299513,59,57,1,120,,,
26.15186095,0.681477443,27,-9.802891853,60,57,1,120,,,
26.18375039,0.681477443,27,-9.802891853,60,57,1,120,,,
26.21602893,0.681477443,27,-9.802891853,60,57,0,120,,,
26.24806809,1.022216165,28,-10.15299513,59,57,1,120,,,
26.27992439,0.681477443,27,-10.15299513,59,57,1,120,,,
26.3122263,0.681477443,27,-10.15299513,59,57,1,120,,,
26.34353256,0.681477443,27,-10.15299513,59,56,0,120,,,
26.37562227,0.681477443,27,-9.802891853,60,58,1,120,,,
26.40847468,0.681477443,27,-10.15299513,59,58,1,120,,,
26.44005108,1.022216165,28,-10.15299513,59,58,1,120,,,
26.47175694,1.022216165,28,-10.15299513,59,58,0,120,,,
26.50381541,0.681477443,27,-10.15299513,59,57,1,120,,,
26.53595877,0.681477443,27,-10.15299513,59,57,1,120,,,
26.56782889,1.022216165,28,-10.15299513,59,57,1,120,,,
26.59986472,1.022216165,28,-10.15299513,59,57,1,120,,,
26.63237929,1.022216165,28,-10.15299513,59,58,0,120,,,
26.66439843,1.022216165,28,-9.802891853,60,57,0,120,,,
26.69642234,1.022216165,28,-10.15299513,59,56,1,120,,,
26.72793865,0.681477443,27,-9.802891853,60,57,1,120,,,
26.7605021,0.681477443,27,-10.15299513,59,57,1,120,,,
26.79221845,0.681477443,27,-10.15299513,59,57,1,120,,,
26.82466435,0.681477443,27,-10.15299513,59,58,1,120,,,
26.85637999,0.681477443,27,-10.15299513,59,57,1,120,,,
26.88832927,0.681477443,27,-9.802891853,60,58,2,120,,,
26.92046618,0.681477443,27,-10.15299513,59,57,0,120,,,
26.95242596,1.022216165,28,-10.15299513,59,57,1,120,,,
26.98419142,0.681477443,27,-10.15299513,59,58,0,120,,,
27.01627588,0.681477443,27,-10.15299513,59,57,1,120,,,
27.04844046,0.681477443,27,-9.802891853,60,56,1,120,,,
27.08080888,0.340738722,26,-10.15299513,59,57,1,0,,,
27.11252069,0.681477443,27,-10.15299513,59,57,1,0,,,
27.14430928,0.681477443,27,-10.15299513,59,57,1,0,,,
27.17646718,0.681477443,27,-10.15299513,59,57,0,0,,,
27.20864034,0.681477443,27,-10.15299513,59,57,1,0,,,
27.24080348,1.022216165,28,-10.15299513,59,58,0,0,,,
27.27262044,1.022216165,28,-10.15299513,59,58,1,0,,,
27.30469799,0.681477443,27,-10.15299513,59,57,1,0,,,
27.33672857,1.022216165,28,-10.15299513,59,57,1,0,,,
27.36884546,1.022216165,28,-10.15299513,59,58,1,0,,,
27.40090108,1.022216165,28,-10.15299513,59,58,1,0,,,
27.43250561,0.681477443,27,-9.802891853,60,57,1,0,,,
27.46491551,0.681477443,27,-9.802891853,60,57,0,0,,,
27.49653602,0.681477443,27,-9.802891853,60,58,0,0,,,
27.52904081,0.681477443,27,-9.802891853,60,57,1,0,,,
27.56070018,0.681477443,27,-9.802891853,60,56,0,0,,,
27.59322166,0.681477443,27,-9.802891853,60,57,0,0,,,
27.62532377,1.022216165,28,-9.802891853,60,57,0,0,,,
27.65762782,1.022216165,28,-10.15299513,59,56,1,0,,,
27.68922448,1.022216165,28,-10.15299513,59,58,1,0,,,
27.72096777,0.681477443,27,-9.802891853,60,57,1,0,,,
27.7530539,1.022216165,28,-9.802891853,60,57,1,0,,,
27.78521609,0.681477443,27,-10.15299513,59,57,0,0,,,
27.81716323,0.681477443,27,-10.15299513,59,57,1,0,,,
27.8488729,0.681477443,27,-10.15299513,59,58,1,0,,,
27.88116169,0.681477443,27,-9.802891853,60,57,0,0,,,
27.91327381,1.022216165,28,-10.15299513,59,57,1,0,,,
27.94480896,1.022216165,28,-10.15299513,59,57,1,0,,,
27.97684383,0.681477443,27,-10.15299513,59,57,1,0,,,
28.00898004,1.022216165,28,-9.802891853,60,57,1,0,,,
28.04094601,0.681477443,27,-10.15299513,59,57,1,0,,,
28.07297087,1.022216165,28,-10.15299513,59,57,1,0,,,
28.10500216,0.681477443,27,-10.15299513,59,58,1,0,,,
28.13703632,1.022216165,28,-10.15299513,59,57,1,0,,,
28.16907406,0.681477443,27,-10.15299513,59,57,1,0,,,
28.20133686,1.022216165,28,-9.802891853,60,57,0,0,,,
28.23314118,0.681477443,27,-9.802891853,60,58,0,0,,,
28.26521897,1.022216165,28,-10.15299513,59,57,1,0,,,
28.2975049,1.022216165,28,-10.15299513,59,57,1,0,,,
28.32957101,0.681477443,27,-10.15299513,59,58,1,0,,,
28.36156797,0.681477443,27,-10.15299513,59,58,1,0,,,
28.39322782,0.681477443,27,-10.15299513,59,57,1,0,,,
28.42535067,1.022216165,28,-10.15299513,59,57,1,0,,,
28.45804572,0.681477443,27,-10.15299513,59,57,1,0,,,
28.48972821,0.681477443,27,-9.802891853,60,58,1,0,,,
28.52139568,0.681477443,27,-9.802891853,60,58,1,0,,,
28.55323887,1.022216165,28,-10.15299513,59,56,0,0,,,
28.58556986,1.022216165,28,-10.15299513,59,58,0,0,,,
28.61738539,0.681477443,27,-9.802891853,60,58,1,0,,,
28.64971089,1.022216165,28,-10.15299513,59,58,1,0,,,
28.68191481,0.681477443,27,-10.15299513,59,57,1,0,,,
28.71349478,0.681477443,27,-10.15299513,59,57,1,0,,,
28.74557662,0.681477443,27,-10.15299513,59,58,0,0,,,
28.77751446,1.022216165,28,-10.15299513,59,57,1,0,,,
28.8098042,1.022216165,28,-9.802891853,60,57,1,0,,,
28.84149384,0.681477443,27,-10.15299513,59,57,1,0,,,
28.87391591,1.022216165,28,-10.15299513,59,57,1,0,,,
28.90577555,0.681477443,27,-10.15299513,59,58,1,0,,,
28.9376173,1.022216165,28,-10.15299513,59,58,1,0,,,
28.96996355,1.022216165,28,-10.15299513,59,57,0,0,,,
29.00204921,0.681477443,27,-10.15299513,59,58,0,0,,,
29.03408122,0.681477443,27,-9.802891853,60,57,0,0,,,
29.06558037,1.022216165,28,-10.15299513,59,57,0,0,,,
29.0981133,0.681477443,27,-10.15299513,59,58,0,0,,,
29.13021326,1.022216165,28,-10.15299513,59,58,0,0,,,
29.16214752,0.681477443,27,-9.802891853,60,58,0,0,,,
29.19377875,1.022216165,28,-10.15299513,59,58,0,0,,,
29.22615337,0.681477443,27,-10.15299513,59,57,1,0,,,
29.25800824,1.022216165,28,-9.802891853,60,57,1,0,,,
29.29021883,0.681477443,27,-10.15299513,59,57,1,0,,,
29.32214761,1.022216165,28,-10.15299513,59,57,1,0,,,
29.35379553,0.681477443,27,-9.802891853,60,58,1,0,,,
29.38622737,0.681477443,27,-10.15299513,59,57,0,0,,,
29.41819,0.681477443,27,-10.15299513,59,57,0,0,,,
29.45014,0.681477443,27,-10.15299513,59,57,1,0,,,
29.48235559,0.681477443,27,-10.15299513,59,57,1,0,,,
29.51442075,1.022216165,28,-10.15299513,59,57,1,0,,,
29.54594946,0.681477443,27,-10.15299513,59,58,1,0,,,
29.57794046,0.681477443,27,-10.15299513,59,57,0,0,,,
29.61025071,0.681477443,27,-10.15299513,59,57,1,0,,,
29.64200449,0.681477443,27,-10.15299513,59,57,1,0,,,
29.67442751,1.022216165,28,-10.15299513,59,57,1,0,,,
29.7065835,0.681477443,27,-9.802891853,60,57,1,0,,,
29.73823833,1.022216165,28,-10.15299513,59,57,0,0,,,
29.77005744,0.681477443,27,-10.15299513,59,57,0,0,,,
29.80263877,0.340738722,26,-10.15299513,59,57,1,0,,,
29.83454537,0.681477443,27,-10.15299513,59,57,1,0,,,
29.86649537,0.681477443,27,-10.15299513,59,57,1,0,,,
29.89868212,1.022216165,28,-10.15299513,59,56,1,0,,,
29.93051577,1.022216165,28,-10.15299513,59,57,1,0,,,
29.96257281,0.681477443,27,-9.802891853,60,57,1,0,,,
29.99466681,0.681477443,27,-10.15299513,59,57,0,0,,,
30.02625966,1.022216165,28,-10.15299513,59,57,2,0,,,
30.05853367,0.681477443,27,-10.15299513,59,57,1,0,,,
30.09081554,0.681477443,27,-9.802891853,60,57,0,0,,,
30.12231684,1.022216165,28,-10.15299513,59,57,1,0,,,
30.15437293,0.681477443,27,-10.15299513,59,57,1,0,,,
30.18683386,1.022216165,28,-10.15299513,59,57,1,0,,,
30.21886444,0.681477443,27,-10.15299513,59,57,0,0,,,
30.25091887,0.681477443,27,-10.15299513,59,57,1,0,,,
30.28305531,0.681477443,27,-10.15299513,59,56,1,0,,,
30.31472874,0.681477443,27,-10.15299513,59,57,1,0,,,
30.3471477,1.022216165,28,-9.802891853,60,57,1,0,,,
30.37902308,1.022216165,28,-10.15299513,59,57,1,0,,,
30.41156197,1.022216165,28,-10.15299513,59,57,1,0,,,
30.44306469,0.681477443,27,-9.802891853,60,58,0,0,,,
30.47485852,1.022216165,28,-9.802891853,60,58,1,0,,,
30.50711632,0.681477443,27,-10.15299513,59,57,1,0,,,
30.53902912,0.681477443,27,-10.15299513,59,57,1,0,,,
30.57104945,1.022216165,28,-10.15299513,59,56,2,0,,,
30.6031661,0.681477443,27,-9.802891853,60,57,1,0,,,
30.63472295,0.681477443,27,-10.15299513,59,58,2,0,,,
30.66704392,0.681477443,27,-10.50309841,58,57,1,0,,,
30.69929934,0.681477443,27,-10.15299513,59,57,0,0,,,
30.73060989,1.022216165,28,-10.15299513,59,57,1,0,,,
30.76298952,1.022216165,28,-10.15299513,59,57,1,0,,,
30.79515791,0.681477443,27,-10.15299513,59,57,0,0,,,
30.82742023,1.022216165,28,-10.15299513,59,57,1,0,,,
30.85944176,1.022216165,28,-9.802891853,60,57,0,0,,,
30.89151049,0.681477443,27,-10.15299513,59,57,0,0,,,
30.92325234,1.022216165,28,-10.15299513,59,58,1,0,,,
30.95508122,0.681477443,27,-10.15299513,59,56,1,0,,,
30.9872067,0.681477443,27,-10.15299513,59,57,1,0,,,
31.01949406,0.681477443,27,-9.802891853,60,57,1,0,,,
31.05155206,1.022216165,28,-10.15299513,59,57,1,0,,,
31.08367372,1.022216165,28,-9.802891853,60,57,1,0,,,
31.11551261,0.681477443,27,-10.15299513,59,57,1,0,,,
31.1476233,0.681477443,27,-10.15299513,59,56,1,0,,,
31.17924571,1.022216165,28,-10.15299513,59,58,1,0,,,
31.21134377,0.681477443,27,-10.15299513,59,57,1,0,,,
31.24322319,0.681477443,27,-10.15299513,59,57,1,0,,,
31.27557063,1.022216165,28,-10.15299513,59,57,2,0,,,
31.30720472,0.681477443,27,-10.15299513,59,57,1,0,,,
31.33999777,0.681477443,27,-10.15299513,59,57,1,0,,,
31.37156463,0.681477443,27,-10.15299513,59,57,0,0,,,
31.4038074,0.681477443,27,-10.15299513,59,58,0,0,,,
31.43581605,1.022216165,28,-10.15299513,59,57,2,0,,,
31.46782804,0.681477443,27,-9.802891853,60,58,0,0,,,
31.4998033,0.681477443,27,-10.15299513,59,57,0,0,,,
31.53139687,0.681477443,27,-10.15299513,59,57,0,0,,,
31.56372881,0.681477443,27,-10.15299513,59,57,1,0,,,
31.59571886,0.681477443,27,-10.15299513,59,58,1,0,,,
31.62738681,1.022216165,28,-10.15299513,59,57,1,0,,,
31.65941286,0.681477443,27,-10.15299513,59,57,1,0,,,
31.6919508,0.681477443,27,-10.15299513,59,57,1,0,,,
31.72399306,0.681477443,27,-10.15299513,59,57,1,0,,,
31.75604939,1.022216165,28,-10.15299513,59,57,1,0,,,
31.78809428,1.022216165,28,-10.15299513,59,57,1,0,,,
31.82008839,0.681477443,27,-10.15299513,59,58,1,0,,,
31.85179424,0.681477443,27,-10.15299513,59,57,1,0,,,
31.88425446,0.681477443,27,-10.15299513,59,57,1,0,,,
31.91603613,1.022216165,28,-10.15299513,59,57,1,0,,,
31.94818616,0.681477443,27,-10.15299513,59,57,0,0,,,
31.9802897,0.681477443,27,-9.452788573,61,57,0,0,,,
32.01198316,0.681477443,27,-10.15299513,59,57,0,0,,,
32.04358053,0.681477443,27,-10.15299513,59,57,0,0,,,
32.07576299,1.022216165,28,-9.802891853,60,58,1,0,,,
32.10833263,1.022216165,28,-10.15299513,59,57,1,0,,,
32.14037538,0.681477443,27,-10.15299513,59,57,0,0,,,
32.17258739,0.681477443,27,-10.15299513,59,57,1,0,,,
32.20438218,0.681477443,27,-10.15299513,59,57,0,0,,,
32.23611712,1.022216165,28,-9.802891853,60,57,0,0,,,
32.26800823,1.022216165,28,-10.15299513,59,57,1,0,,,
32.30008149,0.681477443,27,-10.15299513,59,56,1,0,,,
32.33226418,1.022216165,28,-10.15299513,59,57,1,0,,,
32.36439586,0.681477443,27,-10.15299513,59,57,0,0,,,
32.39659119,0.681477443,27,-10.15299513,59,57,0,0,,,
32.42865825,0.681477443,27,-9.802891853,60,58,1,0,,,
32.46027613,0.681477443,27,-10.15299513,59,58,0,0,,,
32.49272299,1.022216165,28,-10.15299513,59,57,1,0,,,
32.52427149,0.681477443,27,-10.15299513,59,57,1,0,,,
32.55673838,0.681477443,27,-10.15299513,59,57,0,0,,,
32.58864403,0.681477443,27,-10.50309841,58,57,0,0,,,
32.62074876,0.681477443,27,-10.15299513,59,58,1,0,,,
32.65276051,1.362954886,29,-10.15299513,59,57,0,0,,,
32.68437219,1.022216165,28,-10.15299513,59,57,1,0,,,
32.7167449,0.681477443,27,-10.15299513,59,57,0,0,,,
32.74823499,0.681477443,27,-9.802891853,60,57,0,0,,,
32.78082895,1.022216165,28,-9.802891853,60,57,1,0,,,
32.81284475,1.022216165,28,-9.802891853,60,57,1,0,,,
32.84440231,0.681477443,27,-9.802891853,60,57,1,0,,,
32.87662268,0.681477443,27,-10.15299513,59,56,1,0,,,
32.90857744,0.681477443,27,-9.802891853,60,57,1,0,,,
32.94020939,1.022216165,28,-10.15299513,59,57,1,0,,,
32.97259855,1.022216165,28,-10.15299513,59,58,1,0,,,
33.00447536,0.681477443,27,-9.802891853,60,57,1,0,,,
33.03688645,0.681477443,27,-9.802891853,60,58,1,0,,,
33.06875801,0.681477443,27,-10.15299513,59,58,1,0,,,
33.10080504,0.681477443,27,-9.802891853,60,57,1,0,,,
33.13270521,0.681477443,27,-10.15299513,59,58,0,0,,,
33.16504169,0.681477443,27,-10.15299513,59,57,1,0,,,
33.1971302,1.022216165,28,-10.15299513,59,57,0,0,,,
33.22917151,0.681477443,27,-10.15299513,59,58,0,0,,,
33.26117992,1.022216165,28,-9.802891853,60,58,1,0,,,
33.29287958,1.362954886,29,-9.802891853,60,57,1,0,,,
33.32498074,1.022216165,28,-10.15299513,59,57,1,0,,,
33.35689807,1.022216165,28,-10.15299513,59,57,1,0,,,
33.38940835,0.681477443,27,-10.15299513,59,56,1,0,,,
33.42055273,0.681477443,27,-9.802891853,60,57,1,0,,,
33.45268321,0.681477443,27,-10.15299513,59,57,0,0,,,
33.48484731,0.681477443,27,-10.15299513,59,57,0,0,,,
33.51690435,0.681477443,27,-10.15299513,59,57,1,0,,,
33.54902577,1.022216165,28,-10.15299513,59,56,1,0,,,
33.5814724,1.022216165,28,-10.15299513,59,58,1,0,,,
33.61348605,0.681477443,27,-9.802891853,60,57,1,0,,,
33.64524651,0.681477443,27,-10.15299513,59,57,1,0,,,
33.67750883,1.022216165,28,-10.15299513,59,57,1,0,,,
33.70951796,0.681477443,27,-10.15299513,59,57,0,0,,,
33.74110222,0.681477443,27,-9.802891853,60,57,1,0,,,
33.77356386,1.022216165,28,-9.452788573,61,57,0,0,,,
33.80565691,1.022216165,28,-10.15299513,59,57,0,0,,,
33.83726788,1.022216165,28,-10.15299513,59,57,0,0,,,
33.86928415,0.681477443,27,-10.15299513,59,57,1,0,,,
33.90173507,0.681477443,27,-10.15299513,59,57,2,0,,,
33.93307066,0.681477443,27,-10.15299513,59,58,1,0,,,
33.9653933,0.681477443,27,-10.15299513,59,58,1,0,,,
33.99747944,0.681477443,27,-10.15299513,59,58,1,0,,,
34.02970457,0.681477443,27,-9.802891853,60,57,1,0,,,
34.06182051,0.681477443,27,-9.802891853,60,57,0,0,,,
34.09396839,0.681477443,27,-9.802891853,60,57,1,0,,,
34.12590814,0.681477443,27,-10.15299513,59,57,0,0,,,
34.157938,0.681477443,27,-10.15299513,59,57,0,0,,,
34.18978333,1.022216165,28,-10.15299513,59,57,1,0,,,
34.22206211,0.681477443,27,-9.802891853,60,57,1,0,,,
34.25380468,0.681477443,27,-10.15299513,59,56,1,0,,,
34.28566933,0.681477443,27,-10.15299513,59,57,1,0,,,
34.31761384,0.681477443,27,-10.15299513,59,57,1,0,,,
34.34967542,1.022216165,28,-10.15299513,59,58,0,0,,,
34.38189721,0.681477443,27,-10.15299513,59,57,1,0,,,
34.41393661,0.681477443,27,-9.802891853,60,57,1,0,,,
34.44591951,1.022216165,28,-10.15299513,59,58,1,0,,,
34.47792077,0.681477443,27,-9.802891853,60,57,1,0,,,
34.50999618,0.681477443,27,-10.15299513,59,57,0,0,,,
34.54205227,0.681477443,27,-10.15299513,59,57,1,0,,,
34.57422018,0.681477443,27,-10.15299513,59,57,1,0,,,
34.60620713,0.681477443,27,-10.15299513,59,58,1,0,,,
34.63817,0.681477443,27,-9.802891853,60,57,1,0,,,
34.670362,0.681477443,27,-9.802891853,60,58,1,0,,,
34.70207429,0.681477443,27,-10.15299513,59,58,1,0,,,
34.73410916,0.681477443,27,-10.15299513,59,56,0,0,,,
34.76592994,0.681477443,27,-9.802891853,60,57,1,0,,,
34.79799104,1.022216165,28,-10.15299513,59,57,1,0,,,
34.83024478,1.022216165,28,-9.802891853,60,57,1,0,,,
34.86227655,0.681477443,27,-9.802891853,60,57,0,0,,,
34.89424872,1.022216165,28,-10.15299513,59,57,1,0,,,
34.92637491,1.362954886,29,-10.15299513,59,57,1,0,,,
34.95835614,0.681477443,27,-10.15299513,59,57,0,0,,,
34.99008965,0.681477443,27,-10.15299513,59,57,1,0,,,
35.02232718,0.681477443,27,-10.15299513,59,57,1,0,,,
35.05442429,0.681477443,27,-10.15299513,59,57,1,0,,,
35.08619356,0.681477443,27,-10.15299513,59,57,1,0,,,
35.11845112,0.681477443,27,-10.15299513,59,57,1,0,,,
35.15054154,1.022216165,28,-10.15299513,59,57,1,0,,,
35.18234944,0.681477443,27,-10.15299513,59,58,1,0,,,
35.21468377,1.022216165,28,-10.15299513,59,56,0,0,,,
35.24606419,0.681477443,27,-10.15299513,59,57,1,0,,,
35.27822852,0.681477443,27,-10.15299513,59,58,1,0,,,
35.31049728,0.681477443,27,-10.15299513,59,57,0,0,,,
35.3422873,0.681477443,27,-10.15299513,59,57,1,0,,,
35.37479615,0.681477443,27,-10.15299513,59,57,1,0,,,
35.40685201,1.362954886,29,-9.802891853,60,56,1,0,,,
35.43900394,1.022216165,28,-9.802891853,60,58,1,0,,,
35.47031331,1.022216165,28,-10.15299513,59,57,1,0,,,
35.50229597,0.681477443,27,-10.15299513,59,57,0,0,,,
35.53433037,0.681477443,27,-10.15299513,59,57,1,0,,,
35.56683064,0.681477443,27,-10.15299513,59,57,0,0,,,
35.59847879,0.681477443,27,-10.15299513,59,57,0,0,,,
35.6308465,1.022216165,28,-9.802891853,60,57,1,0,,,
35.66291189,0.681477443,27,-9.802891853,60,57,1,0,,,
35.69487596,1.022216165,28,-10.15299513,59,57,1,0,,,
